,Date,Time,Comp,Round,Day,Venue,Result,GF,GA,Opponent,xG,xGA,Poss,Attendance,Captain,Formation,Referee,Match Report,Notes,Sh,SoT,Dist,FK,PK,PKatt,Season,Team
0,2023-08-13,16:30,Premier League,Matchweek 1,Sun,Away,D,1,1,Chelsea,1.3,1.4,35,40096,Virgil van Dijk,2004-03-03,Anthony Taylor,Match Report,,13,1,17.8,0,0,0,2024,Liverpool
1,2023-08-19,15:00,Premier League,Matchweek 2,Sat,Home,W,3,1,Bournemouth,3,1.3,64,53145,Virgil van Dijk,2004-03-03,Thomas Bramall,Match Report,,25,9,16.8,1,0,1,2024,Liverpool
2,2023-08-27,16:30,Premier League,Matchweek 3,Sun,Away,W,2,1,Newcastle Utd,0.9,2,41,52214,Virgil van Dijk,2004-03-03,John Brooks,Match Report,,9,4,17.2,1,0,0,2024,Liverpool
3,2023-09-03,14:00,Premier League,Matchweek 4,Sun,Home,W,3,0,Aston Villa,2.5,0.7,63,50109,Trent Alexander-Arnold,2004-03-03,Simon Hooper,Match Report,,17,4,14.7,0,0,0,2024,Liverpool
4,2023-09-16,12:30,Premier League,Matchweek 5,Sat,Away,W,3,1,Wolves,2.5,0.6,65,31257,Andrew Robertson,2004-03-03,Michael Oliver,Match Report,,16,5,15.8,0,0,0,2024,Liverpool
6,2023-09-24,14:00,Premier League,Matchweek 6,Sun,Home,W,3,1,West Ham,3,1.1,63,50136,Virgil van Dijk,2004-03-03,Chris Kavanagh,Match Report,,21,6,19.3,2,1,1,2024,Liverpool
8,2023-09-30,17:30,Premier League,Matchweek 7,Sat,Away,L,1,2,Tottenham,1.3,2.2,36,62001,Virgil van Dijk,2004-03-03,Simon Hooper,Match Report,,12,4,14.9,0,0,0,2024,Liverpool
10,2023-10-08,14:00,Premier League,Matchweek 8,Sun,Away,D,2,2,Brighton,2.3,2.3,54,31752,Virgil van Dijk,2004-03-03,Anthony Taylor,Match Report,,13,3,18.8,0,1,1,2024,Liverpool
11,2023-10-21,12:30,Premier League,Matchweek 9,Sat,Home,W,2,0,Everton,2.2,0.1,77,50201,Virgil van Dijk,2004-03-03,Craig Pawson,Match Report,,25,5,22.4,1,1,1,2024,Liverpool
13,2023-10-29,14:00,Premier League,Matchweek 10,Sun,Home,W,3,0,Nott'ham Forest,3.2,0.4,72,50143,Virgil van Dijk,2004-03-03,Chris Kavanagh,Match Report,,21,8,19.5,2,0,0,2024,Liverpool
15,2023-11-05,16:30,Premier League,Matchweek 11,Sun,Away,D,1,1,Luton Town,2.6,0.8,73,11049,Virgil van Dijk,2004-03-03,Andy Madley,Match Report,,24,6,17.5,0,0,0,2024,Liverpool
17,2023-11-12,14:00,Premier League,Matchweek 12,Sun,Home,W,3,0,Brentford,1.7,1.6,59,50151,Virgil van Dijk,2004-03-03,Paul Tierney,Match Report,,17,10,19,0,0,0,2024,Liverpool
18,2023-11-25,12:30,Premier League,Matchweek 13,Sat,Away,D,1,1,Manchester City,0.6,1.3,41,53289,Virgil van Dijk,2004-03-03,Chris Kavanagh,Match Report,,8,3,15.9,0,0,0,2024,Liverpool
20,2023-12-03,14:00,Premier League,Matchweek 14,Sun,Home,W,4,3,Fulham,2.1,1.2,61,50124,Virgil van Dijk,2004-03-03,Stuart Attwell,Match Report,,26,12,18.9,1,0,0,2024,Liverpool
21,2023-12-06,19:30,Premier League,Matchweek 15,Wed,Away,W,2,0,Sheffield Utd,1.7,1,75,31406,Virgil van Dijk,2004-03-03,Simon Hooper,Match Report,,15,8,16.4,0,0,0,2024,Liverpool
22,2023-12-09,12:30,Premier League,Matchweek 16,Sat,Away,W,2,1,Crystal Palace,1.2,1.7,76,25103,Virgil van Dijk,2004-03-03,Andy Madley,Match Report,,14,2,17.4,0,0,0,2024,Liverpool
24,2023-12-17,16:30,Premier League,Matchweek 17,Sun,Home,D,0,0,Manchester United,2.3,0.8,68,57158,Virgil van Dijk,2004-03-03,Michael Oliver,Match Report,,34,8,17.7,0,0,0,2024,Liverpool
26,2023-12-23,17:30,Premier League,Matchweek 18,Sat,Home,D,1,1,Arsenal,1,0.7,52,57548,Virgil van Dijk,2004-03-03,Chris Kavanagh,Match Report,,13,3,20.1,1,0,0,2024,Liverpool
27,2023-12-26,17:30,Premier League,Matchweek 19,Tue,Away,W,2,0,Burnley,1.8,0.8,68,21624,Virgil van Dijk,2004-03-03,Paul Tierney,Match Report,,19,10,17.4,0,0,0,2024,Liverpool
28,2024-01-01,20:00,Premier League,Matchweek 20,Mon,Home,W,4,2,Newcastle Utd,7,0.6,61,57471,Virgil van Dijk,2004-03-03,Anthony Taylor,Match Report,,32,12,16.2,0,1,2,2024,Liverpool
31,2024-01-21,16:30,Premier League,Matchweek 21,Sun,Away,W,4,0,Bournemouth,1.5,1.4,60,11228,Virgil van Dijk,2004-03-03,Andy Madley,Match Report,,14,7,19.2,0,0,0,2024,Liverpool
34,2024-01-31,20:15,Premier League,Matchweek 22,Wed,Home,W,4,1,Chelsea,2.9,0.6,50,57524,Virgil van Dijk,2004-03-03,Paul Tierney,Match Report,,27,13,19.9,2,0,1,2024,Liverpool
35,2024-02-04,16:30,Premier League,Matchweek 23,Sun,Away,L,1,3,Arsenal,0.4,3.5,57,60374,Virgil van Dijk,2004-03-03,Anthony Taylor,Match Report,,10,1,19.7,0,0,0,2024,Liverpool
36,2024-02-10,15:00,Premier League,Matchweek 24,Sat,Home,W,3,1,Burnley,2.8,1.3,70,59896,Virgil van Dijk,2004-03-03,Tim Robinson,Match Report,,25,10,15.4,0,0,0,2024,Liverpool
37,2024-02-17,12:30,Premier League,Matchweek 25,Sat,Away,W,4,1,Brentford,2.8,1.6,62,17193,Virgil van Dijk,2004-03-03,Michael Oliver,Match Report,,15,8,15.9,1,0,0,2024,Liverpool
38,2024-02-21,19:30,Premier League,Matchweek 26,Wed,Home,W,4,1,Luton Town,3.3,0.9,60,59713,Virgil van Dijk,2004-03-03,Andy Madley,Match Report,,29,13,16.9,0,0,0,2024,Liverpool
1,2023-08-11,20:00,Premier League,Matchweek 1,Fri,Away,W,3,0,Burnley,1.9,0.3,65,21572,Kevin De Bruyne,4-2-3-1,Craig Pawson,Match Report,,17,8,13.9,0,0,0,2024,Manchester City
3,2023-08-19,20:00,Premier League,Matchweek 2,Sat,Home,W,1,0,Newcastle Utd,1,0.3,59,53419,Kyle Walker,4-2-3-1,Robert Jones,Match Report,,14,4,17.9,0,0,0,2024,Manchester City
4,2023-08-27,14:00,Premier League,Matchweek 3,Sun,Away,W,2,1,Sheffield Utd,3.5,0.7,79,31336,Kyle Walker,4-2-3-1,Jarred Gillett,Match Report,,29,9,17.3,2,0,1,2024,Manchester City
5,2023-09-02,15:00,Premier League,Matchweek 4,Sat,Home,W,5,1,Fulham,2.2,1.4,68,52899,Kyle Walker,4-2-3-1,Michael Oliver,Match Report,,6,4,14.8,0,1,1,2024,Manchester City
6,2023-09-16,15:00,Premier League,Matchweek 5,Sat,Away,W,3,1,West Ham,3.6,0.9,68,62475,Kyle Walker,4-2-3-1,Andy Madley,Match Report,,29,13,16.4,1,0,0,2024,Manchester City
8,2023-09-23,15:00,Premier League,Matchweek 6,Sat,Home,W,2,0,Nott'ham Forest,1.3,1,57,53413,Kyle Walker,4-2-3-1,Anthony Taylor,Match Report,,7,4,17.2,2,0,0,2024,Manchester City
10,2023-09-30,15:00,Premier League,Matchweek 7,Sat,Away,L,1,2,Wolves,0.9,0.4,68,31415,Kyle Walker,4-2-3-1,Craig Pawson,Match Report,,23,8,19.3,1,0,0,2024,Manchester City
12,2023-10-08,16:30,Premier League,Matchweek 8,Sun,Away,L,0,1,Arsenal,0.5,0.4,51,60233,Kyle Walker,2004-03-03,Michael Oliver,Match Report,,4,0,14.9,0,0,0,2024,Manchester City
13,2023-10-21,15:00,Premier League,Matchweek 9,Sat,Home,W,2,1,Brighton,0.8,0.8,55,53466,Kyle Walker,3-2-4-1,Robert Jones,Match Report,,10,5,18.8,1,0,0,2024,Manchester City
15,2023-10-29,15:30,Premier League,Matchweek 10,Sun,Away,W,3,0,Manchester United,4,0.9,60,73502,Kyle Walker,4-2-3-1,Paul Tierney,Match Report,,20,9,17.2,2,1,1,2024,Manchester City
16,2023-11-04,15:00,Premier League,Matchweek 11,Sat,Home,W,6,1,Bournemouth,1.9,0.9,65,53358,Kyle Walker,2003-04-03,Craig Pawson,Match Report,,21,8,16.4,0,0,0,2024,Manchester City
18,2023-11-12,16:30,Premier League,Matchweek 12,Sun,Away,D,4,4,Chelsea,2.9,2.9,55,39532,Kyle Walker,3-2-4-1,Anthony Taylor,Match Report,,14,9,16.6,1,1,1,2024,Manchester City
19,2023-11-25,12:30,Premier League,Matchweek 13,Sat,Home,D,1,1,Liverpool,1.3,0.6,59,53289,Kyle Walker,3-2-4-1,Chris Kavanagh,Match Report,,16,5,16.3,1,0,0,2024,Manchester City
21,2023-12-03,16:30,Premier League,Matchweek 14,Sun,Home,D,3,3,Tottenham,2.6,0.5,55,53473,Kyle Walker,3-2-4-1,Simon Hooper,Match Report,,17,4,13.4,0,0,0,2024,Manchester City
22,2023-12-06,20:15,Premier League,Matchweek 15,Wed,Away,L,0,1,Aston Villa,0.6,2.3,54,41421,Kyle Walker,3-2-4-1,John Brooks,Match Report,,2,2,7.4,0,0,0,2024,Manchester City
23,2023-12-10,14:00,Premier League,Matchweek 16,Sun,Away,W,2,1,Luton Town,1.6,0.3,65,11047,Kyle Walker,4-2-3-1,Tim Robinson,Match Report,,18,6,18.7,1,0,0,2024,Manchester City
25,2023-12-16,15:00,Premier League,Matchweek 17,Sat,Home,D,2,2,Crystal Palace,1.6,1.8,74,53248,Kyle Walker,4-2-3-1,Paul Tierney,Match Report,,19,9,18.2,0,0,0,2024,Manchester City
26,2023-12-27,20:15,Premier League,Matchweek 19,Wed,Away,W,3,1,Everton,2.4,1,72,39327,Kyle Walker,4-2-3-1,John Brooks,Match Report,,22,8,19.5,1,1,1,2024,Manchester City
27,2023-12-30,15:00,Premier League,Matchweek 20,Sat,Home,W,2,0,Sheffield Utd,2.2,0.3,80,53108,Kyle Walker,4-2-3-1,David Coote,Match Report,,18,4,17.4,0,0,0,2024,Manchester City
29,2024-01-13,17:30,Premier League,Matchweek 21,Sat,Away,W,3,2,Newcastle Utd,3,1.3,72,52190,Kyle Walker,4-2-3-1,Chris Kavanagh,Match Report,,27,11,19.3,2,0,0,2024,Manchester City
31,2024-01-31,19:30,Premier League,Matchweek 22,Wed,Home,W,3,1,Burnley,1.7,1.4,74,52143,Kevin De Bruyne,4-2-3-1,Samuel Barrott,Match Report,,14,4,15.8,1,0,0,2024,Manchester City
32,2024-02-05,20:00,Premier League,Matchweek 23,Mon,Away,W,3,1,Brentford,2.1,1,72,17096,Kyle Walker,4-1-4-1,Jarred Gillett,Match Report,,25,15,19.2,0,0,0,2024,Manchester City
33,2024-02-10,12:30,Premier League,Matchweek 24,Sat,Home,W,2,0,Everton,1.6,0.3,72,52187,Rúben Dias,4-1-4-1,John Brooks,Match Report,,19,3,17.4,0,0,0,2024,Manchester City
35,2024-02-17,17:30,Premier League,Matchweek 25,Sat,Home,D,1,1,Chelsea,2.6,1.4,70,52178,Kyle Walker,4-1-4-1,Andy Madley,Match Report,,31,5,15.9,1,0,0,2024,Manchester City
36,2024-02-20,19:30,Premier League,Matchweek 18,Tue,Home,W,1,0,Brentford,2.3,0.4,70,52247,Kyle Walker,4-2-3-1,Darren England,Match Report,,25,10,17.6,0,0,0,2024,Manchester City
37,2024-02-24,17:30,Premier League,Matchweek 26,Sat,Away,W,1,0,Bournemouth,1.6,0.9,62,11184,Rúben Dias,3-2-4-1,Jarred Gillett,Match Report,,15,6,15.5,1,0,0,2024,Manchester City
1,2023-08-12,12:30,Premier League,Matchweek 1,Sat,Home,W,2,1,Nott'ham Forest,0.8,1.2,78,59984,Martin Ødegaard,2004-03-03,Michael Oliver,Match Report,,15,7,19.1,0,0,0,2024,Arsenal
2,2023-08-21,20:00,Premier League,Matchweek 2,Mon,Away,W,1,0,Crystal Palace,2,1,53,24189,Martin Ødegaard,2004-03-03,David Coote,Match Report,,13,2,16.4,0,1,1,2024,Arsenal
3,2023-08-26,15:00,Premier League,Matchweek 3,Sat,Home,D,2,2,Fulham,3.2,0.6,71,59961,Martin Ødegaard,2004-03-03,Paul Tierney,Match Report,,18,9,13.8,0,1,1,2024,Arsenal
4,2023-09-03,16:30,Premier League,Matchweek 4,Sun,Home,W,3,1,Manchester United,2.3,0.9,55,60192,Martin Ødegaard,2004-03-03,Anthony Taylor,Match Report,,17,5,15,0,0,0,2024,Arsenal
5,2023-09-17,16:30,Premier League,Matchweek 5,Sun,Away,W,1,0,Everton,1,0.3,74,39217,Martin Ødegaard,2004-03-03,Simon Hooper,Match Report,,13,4,17.4,0,0,0,2024,Arsenal
7,2023-09-24,14:00,Premier League,Matchweek 6,Sun,Home,D,2,2,Tottenham,1.8,1.4,47,60156,Martin Ødegaard,2004-03-03,Robert Jones,Match Report,,12,4,16.9,0,1,1,2024,Arsenal
9,2023-09-30,15:00,Premier League,Matchweek 7,Sat,Away,W,4,0,Bournemouth,3.4,0.6,57,11193,Martin Ødegaard,2004-03-03,Michael Salisbury,Match Report,,13,6,15.5,0,2,2,2024,Arsenal
11,2023-10-08,16:30,Premier League,Matchweek 8,Sun,Home,W,1,0,Manchester City,0.4,0.5,49,60233,Martin Ødegaard,2004-03-03,Michael Oliver,Match Report,,12,2,19.2,0,0,0,2024,Arsenal
12,2023-10-21,17:30,Premier League,Matchweek 9,Sat,Away,D,2,2,Chelsea,1,1.3,56,39723,Martin Ødegaard,2004-03-03,Chris Kavanagh,Match Report,,13,3,14.3,0,0,0,2024,Arsenal
14,2023-10-28,15:00,Premier League,Matchweek 10,Sat,Home,W,5,0,Sheffield Utd,2.8,0,67,60153,Bukayo Saka,2004-03-03,Tim Robinson,Match Report,,12,6,17,0,1,1,2024,Arsenal
16,2023-11-04,17:30,Premier League,Matchweek 11,Sat,Away,L,0,1,Newcastle Utd,0.6,1,58,52194,Jorginho,2004-03-03,Stuart Attwell,Match Report,,14,1,20.7,0,0,0,2024,Arsenal
18,2023-11-11,15:00,Premier League,Matchweek 12,Sat,Home,W,3,1,Burnley,1.8,0.3,63,60232,Jorginho,2004-03-03,Michael Oliver,Match Report,,16,6,13.8,0,0,0,2024,Arsenal
19,2023-11-25,17:30,Premier League,Matchweek 13,Sat,Away,W,1,0,Brentford,1.6,1.1,64,17201,Martin Ødegaard,2004-03-03,Tim Robinson,Match Report,,15,4,15.2,0,0,0,2024,Arsenal
21,2023-12-02,15:00,Premier League,Matchweek 14,Sat,Home,W,2,1,Wolves,2.8,0.7,57,60262,Martin Ødegaard,2004-03-03,Peter Bankes,Match Report,,19,6,15.6,0,0,0,2024,Arsenal
22,2023-12-05,20:15,Premier League,Matchweek 15,Tue,Away,W,4,3,Luton Town,2.2,0.5,66,11031,Martin Ødegaard,2004-03-03,Samuel Barrott,Match Report,,23,9,15.5,0,0,0,2024,Arsenal
23,2023-12-09,17:30,Premier League,Matchweek 16,Sat,Away,L,0,1,Aston Villa,1.4,0.6,61,42000,Martin Ødegaard,2004-03-03,Jarred Gillett,Match Report,,12,3,14.8,1,0,0,2024,Arsenal
25,2023-12-17,14:00,Premier League,Matchweek 17,Sun,Home,W,2,0,Brighton,2.3,0.7,49,60257,Martin Ødegaard,2004-03-03,Tim Robinson,Match Report,,26,8,14.2,0,0,0,2024,Arsenal
26,2023-12-23,17:30,Premier League,Matchweek 18,Sat,Away,D,1,1,Liverpool,0.7,1,48,57548,Martin Ødegaard,2004-03-03,Chris Kavanagh,Match Report,,13,2,17.2,0,0,0,2024,Arsenal
27,2023-12-28,20:15,Premier League,Matchweek 19,Thu,Home,L,0,2,West Ham,2.7,1.4,73,60261,Martin Ødegaard,2004-03-03,Michael Oliver,Match Report,,30,8,16.8,0,0,0,2024,Arsenal
28,2023-12-31,14:00,Premier League,Matchweek 20,Sun,Away,L,1,2,Fulham,1.6,1.2,60,24444,Martin Ødegaard,2004-03-03,Joshua Smith,Match Report,,13,3,15.4,1,0,0,2024,Arsenal
30,2024-01-20,12:30,Premier League,Matchweek 21,Sat,Home,W,5,0,Crystal Palace,3.3,0.3,60,60284,Martin Ødegaard,2004-03-03,Paul Tierney,Match Report,,21,7,16.7,0,0,0,2024,Arsenal
31,2024-01-30,19:30,Premier League,Matchweek 22,Tue,Away,W,2,1,Nott'ham Forest,1.2,0.5,73,29387,Martin Ødegaard,2004-03-03,Simon Hooper,Match Report,,19,3,17.6,0,0,0,2024,Arsenal
32,2024-02-04,16:30,Premier League,Matchweek 23,Sun,Home,W,3,1,Liverpool,3.5,0.4,43,60374,Martin Ødegaard,2004-03-03,Anthony Taylor,Match Report,,15,7,14.2,0,0,0,2024,Arsenal
33,2024-02-11,14:00,Premier League,Matchweek 24,Sun,Away,W,6,0,West Ham,3.6,0.2,70,62475,Martin Ødegaard,2004-03-03,Craig Pawson,Match Report,,24,11,16,0,1,1,2024,Arsenal
34,2024-02-17,15:00,Premier League,Matchweek 25,Sat,Away,W,5,0,Burnley,2.3,0.3,64,21311,Martin Ødegaard,2004-03-03,Jarred Gillett,Match Report,,15,6,16.8,1,1,1,2024,Arsenal
36,2024-02-24,20:00,Premier League,Matchweek 26,Sat,Home,W,4,1,Newcastle Utd,2.4,0.2,55,60298,Martin Ødegaard,2004-03-03,Paul Tierney,Match Report,,18,7,13.8,0,0,0,2024,Arsenal
0,2023-08-12,17:30,Premier League,Matchweek 1,Sat,Away,L,1,5,Newcastle Utd,1.8,3.3,48,52207,John McGinn,4-2-3-1,Andy Madley,Match Report,,16,6,14.5,1,0,0,2024,Aston Villa
1,2023-08-20,14:00,Premier League,Matchweek 2,Sun,Home,W,4,0,Everton,2.9,0.6,60,41694,John McGinn,4-2-3-1,Anthony Taylor,Match Report,,12,6,18.5,0,1,1,2024,Aston Villa
3,2023-08-27,14:00,Premier League,Matchweek 3,Sun,Away,W,3,1,Burnley,2.5,0.7,43,21591,John McGinn,2003-04-03,Michael Salisbury,Match Report,,16,6,13.4,0,0,0,2024,Aston Villa
5,2023-09-03,14:00,Premier League,Matchweek 4,Sun,Away,L,0,3,Liverpool,0.7,2.5,37,50109,John McGinn,2004-04-02,Simon Hooper,Match Report,,9,3,12.5,0,0,0,2024,Aston Villa
6,2023-09-16,15:00,Premier League,Matchweek 5,Sat,Home,W,3,1,Crystal Palace,3,1.2,66,40809,John McGinn,4-2-3-1,Darren England,Match Report,,15,4,16.2,0,1,1,2024,Aston Villa
8,2023-09-24,14:00,Premier League,Matchweek 6,Sun,Away,W,1,0,Chelsea,1,1.3,47,39700,John McGinn,4-2-3-1,Jarred Gillett,Match Report,,15,7,18.2,1,0,0,2024,Aston Villa
10,2023-09-30,12:30,Premier League,Matchweek 7,Sat,Home,W,6,1,Brighton,1.6,1.7,39,40636,John McGinn,4-2-3-1,Andy Madley,Match Report,,19,9,17.9,1,0,0,2024,Aston Villa
12,2023-10-08,14:00,Premier League,Matchweek 8,Sun,Away,D,1,1,Wolves,1.6,1.7,53,31425,John McGinn,2004-04-02,Robert Jones,Match Report,,18,4,16.6,0,0,0,2024,Aston Villa
13,2023-10-22,16:30,Premier League,Matchweek 9,Sun,Home,W,4,1,West Ham,1.9,1.1,58,41734,John McGinn,2004-04-02,David Coote,Match Report,,14,6,19.6,0,1,1,2024,Aston Villa
15,2023-10-29,14:00,Premier League,Matchweek 10,Sun,Home,W,3,1,Luton Town,2.3,0.5,70,41785,John McGinn,2004-04-02,John Brooks,Match Report,,17,6,14.5,0,0,0,2024,Aston Villa
16,2023-11-05,14:00,Premier League,Matchweek 11,Sun,Away,L,0,2,Nott'ham Forest,1.2,0.4,73,29313,John McGinn,2004-04-02,Jarred Gillett,Match Report,,13,3,14,0,0,0,2024,Aston Villa
18,2023-11-12,14:00,Premier League,Matchweek 12,Sun,Home,W,3,1,Fulham,3,0.9,51,41608,John McGinn,4-2-2-2,Simon Hooper,Match Report,,12,6,13.5,0,0,0,2024,Aston Villa
19,2023-11-26,14:00,Premier League,Matchweek 13,Sun,Away,W,2,1,Tottenham,1.7,2.3,38,61679,John McGinn,2004-04-02,Robert Jones,Match Report,,15,5,16.6,1,0,0,2024,Aston Villa
21,2023-12-03,14:00,Premier League,Matchweek 14,Sun,Away,D,2,2,Bournemouth,0.7,2,62,11191,John McGinn,2004-04-02,Thomas Bramall,Match Report,,11,3,19.2,1,0,0,2024,Aston Villa
22,2023-12-06,20:15,Premier League,Matchweek 15,Wed,Home,W,1,0,Manchester City,2.3,0.6,46,41421,John McGinn,4-4-1-1,John Brooks,Match Report,,22,7,18.9,0,0,0,2024,Aston Villa
23,2023-12-09,17:30,Premier League,Matchweek 16,Sat,Home,W,1,0,Arsenal,0.6,1.4,39,42000,John McGinn,4-4-1-1,Jarred Gillett,Match Report,,10,3,20.8,1,0,0,2024,Aston Villa
25,2023-12-17,14:00,Premier League,Matchweek 17,Sun,Away,W,2,1,Brentford,1.4,0.5,67,17034,John McGinn,2003-05-02,David Coote,Match Report,,15,5,16.7,0,0,0,2024,Aston Villa
26,2023-12-22,20:00,Premier League,Matchweek 18,Fri,Home,D,1,1,Sheffield Utd,0.9,0.6,77,41651,John McGinn,4-4-1-1,Anthony Taylor,Match Report,,12,4,17.5,0,0,0,2024,Aston Villa
27,2023-12-26,20:00,Premier League,Matchweek 19,Tue,Away,L,2,3,Manchester United,1.7,1.1,54,73574,John McGinn,4-2-3-1,Craig Pawson,Match Report,,10,3,14.6,1,0,0,2024,Aston Villa
28,2023-12-30,15:00,Premier League,Matchweek 20,Sat,Home,W,3,2,Burnley,3.2,1.2,64,41613,John McGinn,4-4-1-1,Stuart Attwell,Match Report,,18,6,16.9,1,1,1,2024,Aston Villa
30,2024-01-14,14:00,Premier League,Matchweek 21,Sun,Away,D,0,0,Everton,1.2,1.1,68,39284,John McGinn,2004-04-02,David Coote,Match Report,,16,4,14.2,0,0,0,2024,Aston Villa
32,2024-01-30,20:15,Premier League,Matchweek 22,Tue,Home,L,1,3,Newcastle Utd,1.4,2.6,61,42191,John McGinn,2004-04-02,John Brooks,Match Report,,12,5,14.3,0,0,0,2024,Aston Villa
33,2024-02-03,17:30,Premier League,Matchweek 23,Sat,Away,W,5,0,Sheffield Utd,2.2,1.4,63,30187,John McGinn,4-2-3-1,Paul Tierney,Match Report,,14,9,15.8,1,0,0,2024,Aston Villa
35,2024-02-11,16:30,Premier League,Matchweek 24,Sun,Home,L,1,2,Manchester United,2.4,1.8,56,42185,John McGinn,4-2-3-1,Robert Jones,Match Report,,23,9,16.7,1,0,0,2024,Aston Villa
36,2024-02-17,15:00,Premier League,Matchweek 25,Sat,Away,W,2,1,Fulham,1.5,1.5,48,24401,John McGinn,2004-04-02,Lewis Smith,Match Report,,12,3,16.8,1,0,0,2024,Aston Villa
37,2024-02-24,15:00,Premier League,Matchweek 26,Sat,Home,W,4,2,Nott'ham Forest,3.6,2.6,58,,John McGinn,2004-04-02,Samuel Barrott,Match Report,,16,6,14.3,2,0,0,2024,Aston Villa
0,2023-08-13,14:00,Premier League,Matchweek 1,Sun,Away,D,2,2,Brentford,1.3,2.2,69,17066,Son Heung-min,4-2-3-1,Robert Jones,Match Report,,18,6,19.6,0,0,0,2024,Tottenham
1,2023-08-19,17:30,Premier League,Matchweek 2,Sat,Home,W,2,0,Manchester United,1.7,2.1,55,61910,Son Heung-min,4-2-3-1,Michael Oliver,Match Report,,17,6,13.8,0,0,0,2024,Tottenham
2,2023-08-26,12:30,Premier League,Matchweek 3,Sat,Away,W,2,0,Bournemouth,2.1,0.7,56,10567,Son Heung-min,4-2-3-1,Tim Robinson,Match Report,,17,6,16.6,1,0,0,2024,Tottenham
4,2023-09-02,15:00,Premier League,Matchweek 4,Sat,Away,W,5,2,Burnley,2.2,1.3,53,21750,Son Heung-min,4-2-3-1,Darren England,Match Report,,21,11,19.3,0,0,0,2024,Tottenham
5,2023-09-16,15:00,Premier League,Matchweek 5,Sat,Home,W,2,1,Sheffield Utd,2.1,0.7,70,61706,Son Heung-min,4-2-3-1,Peter Bankes,Match Report,,28,10,16.4,0,0,0,2024,Tottenham
6,2023-09-24,14:00,Premier League,Matchweek 6,Sun,Away,D,2,2,Arsenal,1.4,1.8,53,60156,Son Heung-min,4-2-3-1,Robert Jones,Match Report,,13,5,16,0,0,0,2024,Tottenham
7,2023-09-30,17:30,Premier League,Matchweek 7,Sat,Home,W,2,1,Liverpool,2.2,1.3,64,62001,Son Heung-min,4-2-3-1,Simon Hooper,Match Report,,24,8,19.8,0,0,0,2024,Tottenham
8,2023-10-07,12:30,Premier League,Matchweek 8,Sat,Away,W,1,0,Luton Town,1.9,0.8,66,10290,Son Heung-min,4-2-3-1,John Brooks,Match Report,,15,4,16.9,1,0,0,2024,Tottenham
9,2023-10-23,20:00,Premier League,Matchweek 9,Mon,Home,W,2,0,Fulham,1.5,1,55,61286,Son Heung-min,4-2-3-1,Anthony Taylor,Match Report,,15,5,17.2,0,0,0,2024,Tottenham
10,2023-10-27,20:00,Premier League,Matchweek 10,Fri,Away,W,2,1,Crystal Palace,1.1,0.6,75,25074,Son Heung-min,4-2-3-1,Andy Madley,Match Report,,10,1,19.5,1,0,0,2024,Tottenham
11,2023-11-06,20:00,Premier League,Matchweek 11,Mon,Home,L,1,4,Chelsea,0.9,4.1,40,61726,Son Heung-min,4-2-3-1,Michael Oliver,Match Report,,8,5,23.5,1,0,0,2024,Tottenham
12,2023-11-11,12:30,Premier League,Matchweek 12,Sat,Away,L,1,2,Wolves,0.7,2.1,58,31642,Son Heung-min,2004-03-03,Tim Robinson,Match Report,,6,2,17.5,0,0,0,2024,Tottenham
13,2023-11-26,14:00,Premier League,Matchweek 13,Sun,Home,L,1,2,Aston Villa,2.3,1.7,62,61679,Son Heung-min,4-2-3-1,Robert Jones,Match Report,,18,7,14,0,0,0,2024,Tottenham
14,2023-12-03,16:30,Premier League,Matchweek 14,Sun,Away,D,3,3,Manchester City,0.5,2.6,45,53473,Son Heung-min,4-2-3-1,Simon Hooper,Match Report,,8,4,20.7,0,0,0,2024,Tottenham
15,2023-12-07,20:15,Premier League,Matchweek 15,Thu,Home,L,1,2,West Ham,1.8,2.2,74,61171,Son Heung-min,4-2-3-1,Michael Salisbury,Match Report,,23,6,17.1,1,0,0,2024,Tottenham
16,2023-12-10,16:30,Premier League,Matchweek 16,Sun,Home,W,4,1,Newcastle Utd,3.8,1.7,56,61171,Son Heung-min,4-2-3-1,Chris Kavanagh,Match Report,,22,10,15.5,0,1,1,2024,Tottenham
17,2023-12-15,20:00,Premier League,Matchweek 17,Fri,Away,W,2,0,Nott'ham Forest,1.5,1.3,66,29296,Son Heung-min,4-2-3-1,Jarred Gillett,Match Report,,12,6,12.5,0,0,0,2024,Tottenham
18,2023-12-23,15:00,Premier League,Matchweek 18,Sat,Home,W,2,1,Everton,1.5,1.8,61,61808,Son Heung-min,4-2-3-1,Stuart Attwell,Match Report,,13,6,15.1,0,0,0,2024,Tottenham
19,2023-12-28,19:30,Premier League,Matchweek 19,Thu,Away,L,2,4,Brighton,2.3,3.2,55,31675,Son Heung-min,4-2-3-1,Jarred Gillett,Match Report,,19,3,15.2,1,0,0,2024,Tottenham
20,2023-12-31,14:00,Premier League,Matchweek 20,Sun,Home,W,3,1,Bournemouth,2.3,1.7,50,61780,Son Heung-min,2004-03-03,Simon Hooper,Match Report,,12,6,14.7,0,0,0,2024,Tottenham
22,2024-01-14,16:30,Premier League,Matchweek 21,Sun,Away,D,2,2,Manchester United,1.2,0.8,63,73489,Cristian Romero,2004-03-03,John Brooks,Match Report,,16,5,14.4,0,0,0,2024,Tottenham
24,2024-01-31,19:30,Premier League,Matchweek 22,Wed,Home,W,3,2,Brentford,2.9,1.6,68,61210,Cristian Romero,4-2-3-1,David Coote,Match Report,,19,5,14.3,0,0,0,2024,Tottenham
25,2024-02-03,12:30,Premier League,Matchweek 23,Sat,Away,D,2,2,Everton,1,2.6,57,39321,Cristian Romero,4-2-3-1,Michael Oliver,Match Report,,9,6,17.8,0,0,0,2024,Tottenham
26,2024-02-10,15:00,Premier League,Matchweek 24,Sat,Home,W,2,1,Brighton,1.6,1.2,52,61445,Cristian Romero,4-2-3-1,Samuel Barrott,Match Report,,16,6,17.1,1,0,0,2024,Tottenham
27,2024-02-17,15:00,Premier League,Matchweek 25,Sat,Home,L,1,2,Wolves,1.6,1.8,71,61532,Son Heung-min,4-2-3-1,Anthony Taylor,Match Report,,15,4,14.3,0,0,0,2024,Tottenham
0,2023-08-14,20:00,Premier League,Matchweek 1,Mon,Home,W,1,0,Wolves,2.2,2.2,51,73358,Bruno Fernandes,4-1-4-1,Simon Hooper,Match Report,,15,2,14.7,0,0,0,2024,Manchester United
1,2023-08-19,17:30,Premier League,Matchweek 2,Sat,Away,L,0,2,Tottenham,2.1,1.7,45,61910,Bruno Fernandes,4-2-3-1,Michael Oliver,Match Report,,22,6,15.6,1,0,0,2024,Manchester United
2,2023-08-26,15:00,Premier League,Matchweek 3,Sat,Home,W,3,2,Nott'ham Forest,2.8,1.2,66,73595,Bruno Fernandes,4-2-3-1,Stuart Attwell,Match Report,,17,8,20.3,0,1,1,2024,Manchester United
3,2023-09-03,16:30,Premier League,Matchweek 4,Sun,Away,L,1,3,Arsenal,0.9,2.3,45,60192,Bruno Fernandes,4-2-3-1,Anthony Taylor,Match Report,,10,2,16.5,0,0,0,2024,Manchester United
4,2023-09-16,15:00,Premier League,Matchweek 5,Sat,Home,L,1,3,Brighton,1,1.7,44,73592,Bruno Fernandes,4-1-2-1-2◆,Jarred Gillett,Match Report,,14,4,18.6,1,0,0,2024,Manchester United
6,2023-09-23,20:00,Premier League,Matchweek 6,Sat,Away,W,1,0,Burnley,1,1.1,39,21593,Bruno Fernandes,4-2-3-1,Tony Harrington,Match Report,,11,4,15,0,0,0,2024,Manchester United
8,2023-09-30,15:00,Premier League,Matchweek 7,Sat,Home,L,0,1,Crystal Palace,1.3,0.9,77,73428,Bruno Fernandes,4-2-3-1,Chris Kavanagh,Match Report,,19,3,15.5,0,0,0,2024,Manchester United
10,2023-10-07,15:00,Premier League,Matchweek 8,Sat,Home,W,2,1,Brentford,1.4,0.9,64,73453,Bruno Fernandes,4-2-3-1,Andy Madley,Match Report,,21,8,18.3,1,0,0,2024,Manchester United
11,2023-10-21,20:00,Premier League,Matchweek 9,Sat,Away,W,2,1,Sheffield Utd,1.1,1.4,62,31543,Bruno Fernandes,4-2-3-1,Michael Oliver,Match Report,,14,5,20.6,1,0,0,2024,Manchester United
13,2023-10-29,15:30,Premier League,Matchweek 10,Sun,Home,L,0,3,Manchester City,0.9,4,40,73502,Bruno Fernandes,4-2-3-1,Paul Tierney,Match Report,,7,3,15.2,0,0,0,2024,Manchester United
15,2023-11-04,12:30,Premier League,Matchweek 11,Sat,Away,W,1,0,Fulham,0.7,1,55,24415,Bruno Fernandes,4-2-3-1,John Brooks,Match Report,,12,5,18.3,1,0,0,2024,Manchester United
17,2023-11-11,15:00,Premier League,Matchweek 12,Sat,Home,W,1,0,Luton Town,2.2,0.4,64,73599,Bruno Fernandes,4-2-3-1,Graham Scott,Match Report,,15,4,14,1,0,0,2024,Manchester United
18,2023-11-26,16:30,Premier League,Matchweek 13,Sun,Away,W,3,0,Everton,2.2,2.4,49,39257,Bruno Fernandes,4-2-3-1,John Brooks,Match Report,,8,3,17.4,0,1,1,2024,Manchester United
20,2023-12-02,20:00,Premier League,Matchweek 14,Sat,Away,L,0,1,Newcastle Utd,0.5,2.4,42,52214,Bruno Fernandes,4-2-3-1,Robert Jones,Match Report,,8,1,18.2,0,0,0,2024,Manchester United
21,2023-12-06,20:15,Premier League,Matchweek 15,Wed,Home,W,2,1,Chelsea,4.1,1.5,45,73607,Bruno Fernandes,4-2-3-1,Chris Kavanagh,Match Report,,27,8,15.4,1,0,1,2024,Manchester United
22,2023-12-09,15:00,Premier League,Matchweek 16,Sat,Home,L,0,3,Bournemouth,1.1,1.5,68,73427,Bruno Fernandes,4-2-3-1,Peter Bankes,Match Report,,20,3,15.4,0,0,0,2024,Manchester United
24,2023-12-17,16:30,Premier League,Matchweek 17,Sun,Away,D,0,0,Liverpool,0.8,2.3,32,57158,Scott McTominay,4-2-3-1,Michael Oliver,Match Report,,6,1,16.3,0,0,0,2024,Manchester United
25,2023-12-23,12:30,Premier League,Matchweek 18,Sat,Away,L,0,2,West Ham,1,1.2,65,64472,Bruno Fernandes,4-2-3-1,Simon Hooper,Match Report,,11,3,18.1,0,0,0,2024,Manchester United
26,2023-12-26,20:00,Premier League,Matchweek 19,Tue,Home,W,3,2,Aston Villa,1.1,1.7,46,73574,Bruno Fernandes,4-2-3-1,Craig Pawson,Match Report,,13,7,18,1,0,0,2024,Manchester United
27,2023-12-30,17:30,Premier League,Matchweek 20,Sat,Away,L,1,2,Nott'ham Forest,0.8,0.7,56,29529,Bruno Fernandes,4-2-3-1,Tim Robinson,Match Report,,10,5,17.5,0,0,0,2024,Manchester United
29,2024-01-14,16:30,Premier League,Matchweek 21,Sun,Home,D,2,2,Tottenham,0.8,1.2,37,73489,Bruno Fernandes,4-2-3-1,John Brooks,Match Report,,9,2,14.5,1,0,0,2024,Manchester United
31,2024-02-01,20:15,Premier League,Matchweek 22,Thu,Away,W,4,3,Wolves,3.3,2.1,47,31641,Bruno Fernandes,4-2-3-1,Jarred Gillett,Match Report,,21,8,18.2,2,0,0,2024,Manchester United
32,2024-02-04,14:00,Premier League,Matchweek 23,Sun,Home,W,3,0,West Ham,0.7,1.4,51,73612,Bruno Fernandes,4-2-3-1,Andy Madley,Match Report,,12,5,20.4,0,0,0,2024,Manchester United
33,2024-02-11,16:30,Premier League,Matchweek 24,Sun,Away,W,2,1,Aston Villa,1.8,2.4,44,42185,Bruno Fernandes,4-2-3-1,Robert Jones,Match Report,,17,5,14.6,0,0,0,2024,Manchester United
34,2024-02-18,16:30,Premier League,Matchweek 25,Sun,Away,W,2,1,Luton Town,2.9,1.8,42,11483,Bruno Fernandes,4-2-3-1,David Coote,Match Report,,21,8,19.8,2,0,0,2024,Manchester United
35,2024-02-24,15:00,Premier League,Matchweek 26,Sat,Home,L,1,2,Fulham,1.7,1.1,56,73487,Bruno Fernandes,4-2-3-1,Michael Oliver,Match Report,,21,8,17.4,0,0,0,2024,Manchester United
0,2023-08-12,15:00,Premier League,Matchweek 1,Sat,Home,W,4,1,Luton Town,4,1.5,70,31872,Lewis Dunk,4-2-3-1,David Coote,Match Report,,26,11,17,0,1,1,2024,Brighton
1,2023-08-19,15:00,Premier League,Matchweek 2,Sat,Away,W,4,1,Wolves,2.2,2.1,53,31317,Lewis Dunk,4-2-3-1,Andy Madley,Match Report,,16,8,15.6,0,0,0,2024,Brighton
2,2023-08-26,17:30,Premier League,Matchweek 3,Sat,Home,L,1,3,West Ham,1.5,3,78,31508,Lewis Dunk,4-2-3-1,Anthony Taylor,Match Report,,25,10,19.5,1,0,0,2024,Brighton
3,2023-09-02,17:30,Premier League,Matchweek 4,Sat,Home,W,3,1,Newcastle Utd,1.3,1.2,56,31620,Lewis Dunk,4-2-3-1,Stuart Attwell,Match Report,,15,6,17.3,0,0,0,2024,Brighton
4,2023-09-16,15:00,Premier League,Matchweek 5,Sat,Away,W,3,1,Manchester United,1.7,1,56,73592,Lewis Dunk,4-2-3-1,Jarred Gillett,Match Report,,10,8,17.1,0,0,0,2024,Brighton
6,2023-09-24,14:00,Premier League,Matchweek 6,Sun,Home,W,3,1,Bournemouth,1.9,1.1,61,31617,Lewis Dunk,4-2-3-1,John Brooks,Match Report,,13,4,17.1,0,0,0,2024,Brighton
8,2023-09-30,12:30,Premier League,Matchweek 7,Sat,Away,L,1,6,Aston Villa,1.7,1.6,61,40636,Lewis Dunk,4-2-3-1,Andy Madley,Match Report,,11,3,15.4,0,0,0,2024,Brighton
10,2023-10-08,14:00,Premier League,Matchweek 8,Sun,Home,D,2,2,Liverpool,2.3,2.3,46,31752,Lewis Dunk,4-2-3-1,Anthony Taylor,Match Report,,14,3,17,2,0,0,2024,Brighton
11,2023-10-21,15:00,Premier League,Matchweek 9,Sat,Away,L,1,2,Manchester City,0.8,0.8,45,53466,Lewis Dunk,4-2-3-1,Robert Jones,Match Report,,5,3,12.1,0,0,0,2024,Brighton
13,2023-10-29,14:00,Premier League,Matchweek 10,Sun,Home,D,1,1,Fulham,1.4,0.7,71,31550,Lewis Dunk,2003-04-03,Michael Salisbury,Match Report,,18,6,18.1,1,0,0,2024,Brighton
14,2023-11-04,15:00,Premier League,Matchweek 11,Sat,Away,D,1,1,Everton,0.5,0.7,79,38683,Lewis Dunk,2004-03-03,Tim Robinson,Match Report,,7,2,15.6,1,0,0,2024,Brighton
16,2023-11-12,14:00,Premier League,Matchweek 12,Sun,Home,D,1,1,Sheffield Utd,1.5,1.1,61,31367,Pascal Groß,4-2-3-1,John Brooks,Match Report,,11,6,16.5,0,0,0,2024,Brighton
17,2023-11-25,15:00,Premier League,Matchweek 13,Sat,Away,W,3,2,Nott'ham Forest,1.3,1.9,53,29404,Lewis Dunk,4-2-3-1,Anthony Taylor,Match Report,,9,4,19.9,1,1,1,2024,Brighton
19,2023-12-03,14:00,Premier League,Matchweek 14,Sun,Away,L,2,3,Chelsea,1.1,2.1,68,39647,Adam Lallana,4-2-3-1,Craig Pawson,Match Report,,18,9,18.6,1,0,0,2024,Brighton
20,2023-12-06,19:30,Premier League,Matchweek 15,Wed,Home,W,2,1,Brentford,1.5,1.5,62,31571,Pascal Groß,4-2-3-1,Peter Bankes,Match Report,,18,7,16.1,0,0,0,2024,Brighton
21,2023-12-09,15:00,Premier League,Matchweek 16,Sat,Home,D,1,1,Burnley,2.6,0.6,72,31511,Lewis Dunk,4-2-3-1,Simon Hooper,Match Report,,29,11,14.2,2,0,0,2024,Brighton
23,2023-12-17,14:00,Premier League,Matchweek 17,Sun,Away,L,0,2,Arsenal,0.7,2.3,51,60257,Lewis Dunk,4-2-3-1,Tim Robinson,Match Report,,6,1,16.9,0,0,0,2024,Brighton
24,2023-12-21,20:00,Premier League,Matchweek 18,Thu,Away,D,1,1,Crystal Palace,1.2,1.3,65,24171,Lewis Dunk,4-2-3-1,John Brooks,Match Report,,18,6,17.6,0,0,0,2024,Brighton
25,2023-12-28,19:30,Premier League,Matchweek 19,Thu,Home,W,4,2,Tottenham,3.2,2.3,45,31675,Lewis Dunk,4-1-2-1-2◆,Jarred Gillett,Match Report,,13,7,15.2,0,2,2,2024,Brighton
26,2024-01-02,19:30,Premier League,Matchweek 20,Tue,Away,D,0,0,West Ham,2.3,0.7,68,62462,Pascal Groß,4-3-1-2,Samuel Barrott,Match Report,,22,8,14.4,0,0,0,2024,Brighton
28,2024-01-22,19:45,Premier League,Matchweek 21,Mon,Home,D,0,0,Wolves,1,1.1,72,41505,Lewis Dunk,2004-03-03,Craig Pawson,Match Report,,11,3,14.2,0,0,0,2024,Brighton
30,2024-01-30,19:45,Premier League,Matchweek 22,Tue,Away,L,0,4,Luton Town,0.9,3.1,59,10994,Lewis Dunk,2003-04-03,Robert Jones,Match Report,,9,2,13.9,0,0,0,2024,Brighton
31,2024-02-03,15:00,Premier League,Matchweek 23,Sat,Home,W,4,1,Crystal Palace,1.4,0.3,68,31345,Lewis Dunk,2003-04-03,Simon Hooper,Match Report,,13,6,16.7,0,0,0,2024,Brighton
32,2024-02-10,15:00,Premier League,Matchweek 24,Sat,Away,L,1,2,Tottenham,1.2,1.6,48,61445,Lewis Dunk,4-2-3-1,Samuel Barrott,Match Report,,5,2,17.8,0,1,1,2024,Brighton
33,2024-02-18,14:00,Premier League,Matchweek 25,Sun,Away,W,5,0,Sheffield Utd,2.9,0.6,79,29522,Lewis Dunk,4-2-3-1,Stuart Attwell,Match Report,,24,9,15.1,0,0,0,2024,Brighton
34,2024-02-24,15:00,Premier League,Matchweek 26,Sat,Home,D,1,1,Everton,1.3,0.3,64,41646,Lewis Dunk,4-2-3-1,Tony Harrington,Match Report,,23,7,16.3,1,0,0,2024,Brighton
0,2023-08-14,20:00,Premier League,Matchweek 1,Mon,Away,L,0,1,Manchester United,2.2,2.2,49,73358,Max Kilman,2004-04-02,Simon Hooper,Match Report,,23,6,15.3,0,0,0,2024,Wolves
1,2023-08-19,15:00,Premier League,Matchweek 2,Sat,Home,L,1,4,Brighton,2.1,2.2,47,31317,Max Kilman,4-4-1-1,Andy Madley,Match Report,,16,5,16.1,0,0,0,2024,Wolves
2,2023-08-26,15:00,Premier League,Matchweek 3,Sat,Away,W,1,0,Everton,1.1,1.3,53,38851,Max Kilman,4-4-1-1,Craig Pawson,Match Report,,11,2,17.8,1,0,0,2024,Wolves
4,2023-09-03,14:00,Premier League,Matchweek 4,Sun,Away,L,2,3,Crystal Palace,1.2,2.1,57,24741,Max Kilman,2004-04-02,Robert Jones,Match Report,,12,4,16.2,0,0,0,2024,Wolves
5,2023-09-16,12:30,Premier League,Matchweek 5,Sat,Home,L,1,3,Liverpool,0.6,2.5,35,31257,Max Kilman,4-2-3-1,Michael Oliver,Match Report,,11,2,18.7,0,0,0,2024,Wolves
6,2023-09-23,15:00,Premier League,Matchweek 6,Sat,Away,D,1,1,Luton Town,0.6,2.1,43,10893,Max Kilman,4-2-3-1,Joshua Smith,Match Report,,3,3,7,0,0,0,2024,Wolves
8,2023-09-30,15:00,Premier League,Matchweek 7,Sat,Home,W,2,1,Manchester City,0.4,0.9,32,31415,Max Kilman,2003-04-03,Craig Pawson,Match Report,,3,1,11.4,0,0,0,2024,Wolves
9,2023-10-08,14:00,Premier League,Matchweek 8,Sun,Home,D,1,1,Aston Villa,1.7,1.6,47,31425,Max Kilman,2003-04-03,Robert Jones,Match Report,,8,3,16,0,0,0,2024,Wolves
10,2023-10-21,15:00,Premier League,Matchweek 9,Sat,Away,W,2,1,Bournemouth,2.4,0.6,65,11175,Max Kilman,2003-04-03,Paul Tierney,Match Report,,21,7,16.2,0,0,0,2024,Wolves
11,2023-10-28,17:30,Premier League,Matchweek 10,Sat,Home,D,2,2,Newcastle Utd,0.9,2.2,43,31584,Max Kilman,2004-04-02,Anthony Taylor,Match Report,,11,6,17.2,1,0,0,2024,Wolves
12,2023-11-04,15:00,Premier League,Matchweek 11,Sat,Away,L,1,2,Sheffield Utd,1.2,1,61,29454,Max Kilman,4-4-1-1,Robert Jones,Match Report,,10,3,17.5,1,0,0,2024,Wolves
13,2023-11-11,12:30,Premier League,Matchweek 12,Sat,Home,W,2,1,Tottenham,2.1,0.7,42,31642,Max Kilman,2003-05-02,Tim Robinson,Match Report,,17,4,18.5,0,0,0,2024,Wolves
14,2023-11-27,20:00,Premier League,Matchweek 13,Mon,Away,L,2,3,Fulham,1.4,2.9,40,24366,Max Kilman,2003-05-02,Michael Salisbury,Match Report,,9,5,16.6,0,1,1,2024,Wolves
15,2023-12-02,15:00,Premier League,Matchweek 14,Sat,Away,L,1,2,Arsenal,0.7,2.8,43,60262,Max Kilman,2003-05-02,Peter Bankes,Match Report,,6,3,10.8,0,0,0,2024,Wolves
16,2023-12-05,19:30,Premier League,Matchweek 15,Tue,Home,W,1,0,Burnley,0.8,0.9,51,30439,Max Kilman,2003-04-03,Jarred Gillett,Match Report,,7,4,15.8,1,0,0,2024,Wolves
17,2023-12-09,15:00,Premier League,Matchweek 16,Sat,Home,D,1,1,Nott'ham Forest,1.2,1.3,68,31543,Max Kilman,2003-04-03,Samuel Barrott,Match Report,,10,4,15.2,0,0,0,2024,Wolves
18,2023-12-17,14:00,Premier League,Matchweek 17,Sun,Away,L,0,3,West Ham,0.7,1.1,55,62455,Max Kilman,2003-04-03,Chris Kavanagh,Match Report,,14,3,20.5,0,0,0,2024,Wolves
19,2023-12-24,13:00,Premier League,Matchweek 18,Sun,Home,W,2,1,Chelsea,1.3,2,32,31641,Max Kilman,2003-04-03,David Coote,Match Report,,14,6,16.7,1,0,0,2024,Wolves
20,2023-12-27,19:30,Premier League,Matchweek 19,Wed,Away,W,4,1,Brentford,2.4,2.2,40,17109,Max Kilman,2003-04-03,Andy Madley,Match Report,,11,5,17.8,0,0,0,2024,Wolves
21,2023-12-30,15:00,Premier League,Matchweek 20,Sat,Home,W,3,0,Everton,1.9,0.4,53,31639,Max Kilman,2003-04-03,Thomas Bramall,Match Report,,12,6,13.4,0,0,0,2024,Wolves
24,2024-01-22,19:45,Premier League,Matchweek 21,Mon,Away,D,0,0,Brighton,1.1,1,28,41505,Max Kilman,2003-04-03,Craig Pawson,Match Report,,8,3,18.6,0,0,0,2024,Wolves
26,2024-02-01,20:15,Premier League,Matchweek 22,Thu,Home,L,3,4,Manchester United,2.1,3.3,53,31641,Max Kilman,2003-04-03,Jarred Gillett,Match Report,,15,5,16.6,1,1,1,2024,Wolves
27,2024-02-04,14:00,Premier League,Matchweek 23,Sun,Away,W,4,2,Chelsea,2,1.7,36,39628,Max Kilman,2003-04-03,Tim Robinson,Match Report,,13,6,16.6,2,1,1,2024,Wolves
28,2024-02-10,15:00,Premier League,Matchweek 24,Sat,Home,L,0,2,Brentford,1,1.9,71,30731,Max Kilman,2003-04-03,Simon Hooper,Match Report,,17,5,17.2,1,0,0,2024,Wolves
29,2024-02-17,15:00,Premier League,Matchweek 25,Sat,Away,W,2,1,Tottenham,1.8,1.6,29,61532,José Sá,2003-04-03,Anthony Taylor,Match Report,,12,7,15.9,0,0,0,2024,Wolves
30,2024-02-25,13:30,Premier League,Matchweek 26,Sun,Home,W,1,0,Sheffield Utd,1.2,0.6,63,30789,Max Kilman,2003-04-03,Darren Bond,Match Report,,13,2,14.4,0,0,0,2024,Wolves
0,2023-08-12,17:30,Premier League,Matchweek 1,Sat,Home,W,5,1,Aston Villa,3.3,1.8,52,52207,Kieran Trippier,2004-03-03,Andy Madley,Match Report,,17,12,13.2,0,0,0,2024,Newcastle Utd
1,2023-08-19,20:00,Premier League,Matchweek 2,Sat,Away,L,0,1,Manchester City,0.3,1,41,53419,Kieran Trippier,2004-03-03,Robert Jones,Match Report,,7,1,20.3,0,0,0,2024,Newcastle Utd
2,2023-08-27,16:30,Premier League,Matchweek 3,Sun,Home,L,1,2,Liverpool,2,0.9,59,52214,Kieran Trippier,2004-03-03,John Brooks,Match Report,,23,8,18.3,1,0,0,2024,Newcastle Utd
3,2023-09-02,17:30,Premier League,Matchweek 4,Sat,Away,L,1,3,Brighton,1.2,1.3,44,31620,Kieran Trippier,2004-03-03,Stuart Attwell,Match Report,,9,2,14.6,0,0,0,2024,Newcastle Utd
4,2023-09-16,17:30,Premier League,Matchweek 5,Sat,Home,W,1,0,Brentford,1.4,0.5,56,51670,Kieran Trippier,2004-03-03,Craig Pawson,Match Report,,8,1,20.2,0,1,1,2024,Newcastle Utd
6,2023-09-24,16:30,Premier League,Matchweek 6,Sun,Away,W,8,0,Sheffield Utd,3.9,0.9,58,31127,Kieran Trippier,2004-03-03,Stuart Attwell,Match Report,,22,15,14.2,0,0,0,2024,Newcastle Utd
8,2023-09-30,15:00,Premier League,Matchweek 7,Sat,Home,W,2,0,Burnley,3.1,0.6,53,51687,Jamaal Lascelles,2004-03-03,Thomas Bramall,Match Report,,19,6,15.8,0,1,1,2024,Newcastle Utd
10,2023-10-08,14:00,Premier League,Matchweek 8,Sun,Away,D,2,2,West Ham,2,1.2,64,62473,Jamaal Lascelles,2004-03-03,Peter Bankes,Match Report,,10,3,12.1,0,0,0,2024,Newcastle Utd
11,2023-10-21,15:00,Premier League,Matchweek 9,Sat,Home,W,4,0,Crystal Palace,2.4,1.2,59,52189,Jamaal Lascelles,2004-03-03,Tim Robinson,Match Report,,10,7,10.2,0,0,0,2024,Newcastle Utd
13,2023-10-28,17:30,Premier League,Matchweek 10,Sat,Away,D,2,2,Wolves,2.2,0.9,57,31584,Jamaal Lascelles,2004-03-03,Anthony Taylor,Match Report,,12,3,14.2,0,1,1,2024,Newcastle Utd
15,2023-11-04,17:30,Premier League,Matchweek 11,Sat,Home,W,1,0,Arsenal,1,0.6,42,52194,Jamaal Lascelles,2004-03-03,Stuart Attwell,Match Report,,9,1,18.6,0,0,0,2024,Newcastle Utd
17,2023-11-11,17:30,Premier League,Matchweek 12,Sat,Away,L,0,2,Bournemouth,0.5,2.4,52,11201,Jamaal Lascelles,2004-03-03,Chris Kavanagh,Match Report,,8,5,19.5,0,0,0,2024,Newcastle Utd
18,2023-11-25,15:00,Premier League,Matchweek 13,Sat,Home,W,4,1,Chelsea,2.4,0.5,54,52227,Jamaal Lascelles,2004-03-03,Simon Hooper,Match Report,,14,5,17,1,0,0,2024,Newcastle Utd
20,2023-12-02,20:00,Premier League,Matchweek 14,Sat,Home,W,1,0,Manchester United,2.4,0.5,58,52214,Jamaal Lascelles,2004-03-03,Robert Jones,Match Report,,22,4,16.4,1,0,0,2024,Newcastle Utd
21,2023-12-07,19:30,Premier League,Matchweek 15,Thu,Away,L,0,3,Everton,1.5,3.3,62,38198,Jamaal Lascelles,2004-03-03,Tim Robinson,Match Report,,13,3,19.3,1,0,0,2024,Newcastle Utd
22,2023-12-10,16:30,Premier League,Matchweek 16,Sun,Away,L,1,4,Tottenham,1.7,3.8,44,61171,Jamaal Lascelles,2004-03-03,Chris Kavanagh,Match Report,,9,3,14.4,0,0,0,2024,Newcastle Utd
24,2023-12-16,15:00,Premier League,Matchweek 17,Sat,Home,W,3,0,Fulham,3.5,0.3,70,52055,Jamaal Lascelles,2004-03-03,Samuel Barrott,Match Report,,27,10,14.4,0,0,0,2024,Newcastle Utd
26,2023-12-23,15:00,Premier League,Matchweek 18,Sat,Away,L,0,1,Luton Town,1.4,1.4,65,11042,Jamaal Lascelles,2004-03-03,Darren England,Match Report,,15,2,12.2,0,0,0,2024,Newcastle Utd
27,2023-12-26,12:30,Premier League,Matchweek 19,Tue,Home,L,1,3,Nott'ham Forest,2.4,3.5,62,52207,Kieran Trippier,2004-03-03,Chris Kavanagh,Match Report,,18,5,15.1,1,1,1,2024,Newcastle Utd
28,2024-01-01,20:00,Premier League,Matchweek 20,Mon,Away,L,2,4,Liverpool,0.6,7,39,57471,Dan Burn,2004-03-03,Anthony Taylor,Match Report,,5,3,16.1,0,0,0,2024,Newcastle Utd
30,2024-01-13,17:30,Premier League,Matchweek 21,Sat,Home,L,2,3,Manchester City,1.3,3,28,52190,Kieran Trippier,2004-03-03,Chris Kavanagh,Match Report,,12,5,14.7,0,0,0,2024,Newcastle Utd
32,2024-01-30,20:15,Premier League,Matchweek 22,Tue,Away,W,3,1,Aston Villa,2.6,1.4,39,42191,Kieran Trippier,2004-03-03,John Brooks,Match Report,,14,5,11.9,0,0,0,2024,Newcastle Utd
33,2024-02-03,15:00,Premier League,Matchweek 23,Sat,Home,D,4,4,Luton Town,2.3,2.4,55,52211,Kieran Trippier,2004-03-03,Thomas Bramall,Match Report,,19,6,16.3,0,0,0,2024,Newcastle Utd
34,2024-02-10,17:30,Premier League,Matchweek 24,Sat,Away,W,3,2,Nott'ham Forest,0.5,1.5,61,29451,Kieran Trippier,2004-03-03,Anthony Taylor,Match Report,,7,5,19.2,0,0,0,2024,Newcastle Utd
35,2024-02-17,15:00,Premier League,Matchweek 25,Sat,Home,D,2,2,Bournemouth,2.2,2.2,62,52224,Kieran Trippier,2004-03-03,Michael Salisbury,Match Report,,16,4,19.4,0,1,1,2024,Newcastle Utd
36,2024-02-24,20:00,Premier League,Matchweek 26,Sat,Away,L,1,4,Arsenal,0.2,2.4,45,60298,Kieran Trippier,2004-03-03,Paul Tierney,Match Report,,3,2,14.6,0,0,0,2024,Newcastle Utd
0,2023-08-12,15:00,Premier League,Matchweek 1,Sat,Away,D,1,1,Bournemouth,1.1,1.3,38,11245,Kurt Zouma,4-2-3-1,Peter Bankes,Match Report,,16,2,16.1,0,0,0,2024,West Ham
1,2023-08-20,16:30,Premier League,Matchweek 2,Sun,Home,W,3,1,Chelsea,1.8,2.5,25,62451,Kurt Zouma,4-2-3-1,John Brooks,Match Report,,11,5,19.6,0,1,1,2024,West Ham
2,2023-08-26,17:30,Premier League,Matchweek 3,Sat,Away,W,3,1,Brighton,3,1.5,22,31508,Kurt Zouma,4-1-4-1,Anthony Taylor,Match Report,,12,7,12.3,0,0,0,2024,West Ham
3,2023-09-01,20:00,Premier League,Matchweek 4,Fri,Away,W,2,1,Luton Town,1,1.4,61,10802,Kurt Zouma,4-2-3-1,Paul Tierney,Match Report,,9,3,16.3,0,0,0,2024,West Ham
4,2023-09-16,15:00,Premier League,Matchweek 5,Sat,Home,L,1,3,Manchester City,0.9,3.6,32,62475,Kurt Zouma,4-2-3-1,Andy Madley,Match Report,,6,3,12.1,0,0,0,2024,West Ham
6,2023-09-24,14:00,Premier League,Matchweek 6,Sun,Away,L,1,3,Liverpool,1.1,3,37,50136,Kurt Zouma,4-2-3-1,Chris Kavanagh,Match Report,,11,4,13.5,0,0,0,2024,West Ham
8,2023-09-30,15:00,Premier League,Matchweek 7,Sat,Home,W,2,0,Sheffield Utd,2.1,1.1,52,62459,Kurt Zouma,4-2-3-1,Graham Scott,Match Report,,20,8,12.6,1,0,0,2024,West Ham
10,2023-10-08,14:00,Premier League,Matchweek 8,Sun,Home,D,2,2,Newcastle Utd,1.2,2,36,62473,Kurt Zouma,4-2-3-1,Peter Bankes,Match Report,,5,3,14.9,1,0,0,2024,West Ham
11,2023-10-22,16:30,Premier League,Matchweek 9,Sun,Away,L,1,4,Aston Villa,1.1,1.9,42,41734,Kurt Zouma,4-2-3-1,David Coote,Match Report,,14,4,15.2,1,0,0,2024,West Ham
13,2023-10-29,13:00,Premier League,Matchweek 10,Sun,Home,L,0,1,Everton,0.7,0.8,64,62469,Kurt Zouma,4-2-3-1,Stuart Attwell,Match Report,,12,2,17.3,0,0,0,2024,West Ham
15,2023-11-04,15:00,Premier League,Matchweek 11,Sat,Away,L,2,3,Brentford,1.8,1.5,42,17103,James Ward-Prowse,2004-04-02,Thomas Bramall,Match Report,,12,2,15.3,0,0,0,2024,West Ham
17,2023-11-12,14:00,Premier League,Matchweek 12,Sun,Home,W,3,2,Nott'ham Forest,1.8,1.7,54,62470,Kurt Zouma,4-2-3-1,Michael Salisbury,Match Report,,16,6,18,1,0,0,2024,West Ham
18,2023-11-25,15:00,Premier League,Matchweek 13,Sat,Away,W,2,1,Burnley,0.9,1.3,50,21319,Kurt Zouma,4-2-3-1,Samuel Barrott,Match Report,,11,3,13.2,0,0,0,2024,West Ham
20,2023-12-03,14:00,Premier League,Matchweek 14,Sun,Home,D,1,1,Crystal Palace,1.1,0.9,55,62414,Tomáš Souček,4-2-3-1,Michael Oliver,Match Report,,9,3,15.7,1,0,0,2024,West Ham
21,2023-12-07,20:15,Premier League,Matchweek 15,Thu,Away,W,2,1,Tottenham,2.2,1.8,26,61171,Kurt Zouma,2004-03-03,Michael Salisbury,Match Report,,11,5,15,0,0,0,2024,West Ham
22,2023-12-10,14:00,Premier League,Matchweek 16,Sun,Away,L,0,5,Fulham,1.3,2.3,37,23988,Kurt Zouma,4-4-1-1,Paul Tierney,Match Report,,9,5,19.2,1,0,0,2024,West Ham
24,2023-12-17,14:00,Premier League,Matchweek 17,Sun,Home,W,3,0,Wolves,1.1,0.7,45,62455,Kurt Zouma,4-2-3-1,Chris Kavanagh,Match Report,,13,4,19.8,2,0,0,2024,West Ham
26,2023-12-23,12:30,Premier League,Matchweek 18,Sat,Home,W,2,0,Manchester United,1.2,1,35,64472,Kurt Zouma,4-2-3-1,Simon Hooper,Match Report,,12,5,13.8,0,0,0,2024,West Ham
27,2023-12-28,20:15,Premier League,Matchweek 19,Thu,Away,W,2,0,Arsenal,1.4,2.7,27,60261,Angelo Ogbonna,4-2-3-1,Michael Oliver,Match Report,,5,2,17.4,0,0,1,2024,West Ham
28,2024-01-02,19:30,Premier League,Matchweek 20,Tue,Home,D,0,0,Brighton,0.7,2.3,32,62462,Angelo Ogbonna,4-2-3-1,Samuel Barrott,Match Report,,6,2,16,0,0,0,2024,West Ham
31,2024-01-21,14:00,Premier League,Matchweek 21,Sun,Away,D,2,2,Sheffield Utd,2.3,2.5,43,29164,Kurt Zouma,4-4-1-1,Michael Salisbury,Match Report,,15,4,14.9,0,1,1,2024,West Ham
32,2024-02-01,19:30,Premier League,Matchweek 22,Thu,Home,D,1,1,Bournemouth,1.4,1.2,48,62478,Kurt Zouma,4-3-2-1,Tim Robinson,Match Report,,8,2,17.1,0,1,1,2024,West Ham
33,2024-02-04,14:00,Premier League,Matchweek 23,Sun,Away,L,0,3,Manchester United,1.4,0.7,49,73612,Kurt Zouma,4-2-3-1,Andy Madley,Match Report,,22,3,18.9,1,0,0,2024,West Ham
34,2024-02-11,14:00,Premier League,Matchweek 24,Sun,Home,L,0,6,Arsenal,0.2,3.6,30,62475,Kurt Zouma,4-2-3-1,Craig Pawson,Match Report,,5,1,19.9,0,0,0,2024,West Ham
35,2024-02-17,15:00,Premier League,Matchweek 25,Sat,Away,L,0,2,Nott'ham Forest,0.5,2.8,51,29490,Kurt Zouma,4-2-3-1,Thomas Bramall,Match Report,,10,3,18.9,1,0,0,2024,West Ham
0,2023-08-13,16:30,Premier League,Matchweek 1,Sun,Home,D,1,1,Liverpool,1.4,1.3,65,40096,Reece James,2003-04-03,Anthony Taylor,Match Report,,10,4,13.2,1,0,0,2024,Chelsea
1,2023-08-20,16:30,Premier League,Matchweek 2,Sun,Away,L,1,3,West Ham,2.5,1.8,75,62451,Ben Chilwell,2003-04-03,John Brooks,Match Report,,16,3,17.1,0,0,1,2024,Chelsea
2,2023-08-25,20:00,Premier League,Matchweek 3,Fri,Home,W,3,0,Luton Town,2.2,0.4,67,39893,Ben Chilwell,2003-04-03,Robert Jones,Match Report,,19,8,14.2,1,0,0,2024,Chelsea
4,2023-09-02,15:00,Premier League,Matchweek 4,Sat,Home,L,0,1,Nott'ham Forest,2.3,0.8,75,39820,Ben Chilwell,2003-04-03,Tim Robinson,Match Report,,21,2,17.7,2,0,0,2024,Chelsea
5,2023-09-17,14:00,Premier League,Matchweek 5,Sun,Away,D,0,0,Bournemouth,1.8,1,64,10421,Conor Gallagher,4-2-3-1,David Coote,Match Report,,14,6,15,1,0,0,2024,Chelsea
6,2023-09-24,14:00,Premier League,Matchweek 6,Sun,Home,L,0,1,Aston Villa,1.3,1,53,39700,Conor Gallagher,4-2-3-1,Jarred Gillett,Match Report,,10,4,17.8,0,0,0,2024,Chelsea
8,2023-10-02,20:00,Premier League,Matchweek 7,Mon,Away,W,2,0,Fulham,1.7,1.1,44,24445,Conor Gallagher,2004-03-03,Tim Robinson,Match Report,,11,4,19.8,1,0,0,2024,Chelsea
9,2023-10-07,15:00,Premier League,Matchweek 8,Sat,Away,W,4,1,Burnley,1.9,0.7,62,21654,Conor Gallagher,2004-03-03,Stuart Attwell,Match Report,,8,4,18.1,0,1,1,2024,Chelsea
10,2023-10-21,17:30,Premier League,Matchweek 9,Sat,Home,D,2,2,Arsenal,1.3,1,44,39723,Conor Gallagher,4-2-3-1,Chris Kavanagh,Match Report,,10,4,20.4,0,1,1,2024,Chelsea
11,2023-10-28,12:30,Premier League,Matchweek 10,Sat,Home,L,0,2,Brentford,1.9,2.2,69,39575,Conor Gallagher,4-2-3-1,Simon Hooper,Match Report,,17,2,16.1,1,0,0,2024,Chelsea
13,2023-11-06,20:00,Premier League,Matchweek 11,Mon,Away,W,4,1,Tottenham,4.1,0.9,60,61726,Reece James,4-2-3-1,Michael Oliver,Match Report,,16,6,16.8,0,1,1,2024,Chelsea
14,2023-11-12,16:30,Premier League,Matchweek 12,Sun,Home,D,4,4,Manchester City,2.9,2.9,45,39532,Reece James,4-2-3-1,Anthony Taylor,Match Report,,16,8,19.1,1,1,1,2024,Chelsea
15,2023-11-25,15:00,Premier League,Matchweek 13,Sat,Away,L,1,4,Newcastle Utd,0.5,2.4,46,52227,Reece James,4-2-3-1,Simon Hooper,Match Report,,7,4,18.4,2,0,0,2024,Chelsea
16,2023-12-03,14:00,Premier League,Matchweek 14,Sun,Home,W,3,2,Brighton,2.1,1.1,32,39647,Conor Gallagher,4-2-3-1,Craig Pawson,Match Report,,7,3,19.6,0,1,1,2024,Chelsea
17,2023-12-06,20:15,Premier League,Matchweek 15,Wed,Away,L,1,2,Manchester United,1.5,4.1,55,73607,Levi Colwill,4-2-3-1,Chris Kavanagh,Match Report,,13,3,15,0,0,0,2024,Chelsea
18,2023-12-10,14:00,Premier League,Matchweek 16,Sun,Away,L,0,2,Everton,0.9,1.2,71,39280,Reece James,4-2-3-1,Michael Oliver,Match Report,,16,4,18.5,1,0,0,2024,Chelsea
19,2023-12-16,15:00,Premier League,Matchweek 17,Sat,Home,W,2,0,Sheffield Utd,3.1,0.4,78,39599,Conor Gallagher,4-2-3-1,Andy Madley,Match Report,,15,6,17.2,1,0,0,2024,Chelsea
21,2023-12-24,13:00,Premier League,Matchweek 18,Sun,Away,L,1,2,Wolves,2,1.3,68,31641,Conor Gallagher,4-2-3-1,David Coote,Match Report,,16,4,17.4,1,0,0,2024,Chelsea
22,2023-12-27,19:30,Premier League,Matchweek 19,Wed,Home,W,2,1,Crystal Palace,2.6,1.1,63,39618,Conor Gallagher,4-2-3-1,Michael Salisbury,Match Report,,8,2,15.3,0,1,1,2024,Chelsea
23,2023-12-30,12:30,Premier League,Matchweek 20,Sat,Away,W,3,2,Luton Town,1.5,2.3,48,11041,Conor Gallagher,4-2-3-1,Paul Tierney,Match Report,,12,8,17.5,0,0,0,2024,Chelsea
26,2024-01-13,12:30,Premier League,Matchweek 21,Sat,Home,W,1,0,Fulham,2.2,0.8,55,39643,Conor Gallagher,4-2-3-1,Anthony Taylor,Match Report,,16,2,17.5,0,1,1,2024,Chelsea
29,2024-01-31,20:15,Premier League,Matchweek 22,Wed,Away,L,1,4,Liverpool,0.6,2.9,50,57524,Ben Chilwell,4-2-3-1,Paul Tierney,Match Report,,4,3,18.8,0,0,0,2024,Chelsea
30,2024-02-04,14:00,Premier League,Matchweek 23,Sun,Home,L,2,4,Wolves,1.7,2,64,39628,Ben Chilwell,4-2-3-1,Tim Robinson,Match Report,,15,4,14.5,0,0,0,2024,Chelsea
32,2024-02-12,20:00,Premier League,Matchweek 24,Mon,Away,W,3,1,Crystal Palace,1.4,0.6,77,25110,Ben Chilwell,4-2-3-1,Michael Oliver,Match Report,,14,5,15.3,0,0,0,2024,Chelsea
33,2024-02-17,17:30,Premier League,Matchweek 25,Sat,Away,D,1,1,Manchester City,1.4,2.6,30,52178,Ben Chilwell,4-2-3-1,Andy Madley,Match Report,,9,6,12.8,0,0,0,2024,Chelsea
0,2023-08-12,15:00,Premier League,Matchweek 1,Sat,Away,W,1,0,Everton,1.5,2.7,58,39940,Tom Cairney,2004-03-03,Stuart Attwell,Match Report,,9,2,13.2,0,0,0,2024,Fulham
1,2023-08-19,15:00,Premier League,Matchweek 2,Sat,Home,L,0,3,Brentford,0.5,3.7,55,24236,Tim Ream,2004-03-03,Darren Bond,Match Report,,10,2,22.3,1,0,0,2024,Fulham
2,2023-08-26,15:00,Premier League,Matchweek 3,Sat,Away,D,2,2,Arsenal,0.6,3.2,29,59961,Bobby Reid,2004-03-03,Paul Tierney,Match Report,,8,3,17.8,0,0,0,2024,Fulham
4,2023-09-02,15:00,Premier League,Matchweek 4,Sat,Away,L,1,5,Manchester City,1.4,2.2,32,52899,Tom Cairney,2004-03-03,Michael Oliver,Match Report,,6,4,11.4,0,0,0,2024,Fulham
5,2023-09-16,15:00,Premier League,Matchweek 5,Sat,Home,W,1,0,Luton Town,1,1.1,77,24467,Tim Ream,2004-03-03,Michael Salisbury,Match Report,,13,2,19.5,2,0,0,2024,Fulham
6,2023-09-23,15:00,Premier League,Matchweek 6,Sat,Away,D,0,0,Crystal Palace,0.6,0.3,49,25072,Tim Ream,2004-03-03,Paul Tierney,Match Report,,10,5,18.7,1,0,0,2024,Fulham
8,2023-10-02,20:00,Premier League,Matchweek 7,Mon,Home,L,0,2,Chelsea,1.1,1.7,56,24445,Tim Ream,2004-03-03,Tim Robinson,Match Report,,10,3,13.2,0,0,0,2024,Fulham
9,2023-10-07,15:00,Premier League,Matchweek 8,Sat,Home,W,3,1,Sheffield Utd,2.2,0.6,60,24361,Tim Ream,2004-03-03,Samuel Barrott,Match Report,,20,6,20.2,0,0,0,2024,Fulham
10,2023-10-23,20:00,Premier League,Matchweek 9,Mon,Away,L,0,2,Tottenham,1,1.5,45,61286,Tim Ream,4-2-3-1,Anthony Taylor,Match Report,,10,3,17.6,0,0,0,2024,Fulham
11,2023-10-29,14:00,Premier League,Matchweek 10,Sun,Away,D,1,1,Brighton,0.7,1.4,29,31550,Tim Ream,4-2-3-1,Michael Salisbury,Match Report,,10,5,19.3,0,0,0,2024,Fulham
13,2023-11-04,12:30,Premier League,Matchweek 11,Sat,Home,L,0,1,Manchester United,1,0.7,45,24415,Tim Ream,4-2-3-1,John Brooks,Match Report,,18,2,18.6,1,0,0,2024,Fulham
14,2023-11-12,14:00,Premier League,Matchweek 12,Sun,Away,L,1,3,Aston Villa,0.9,3,49,41608,Tim Ream,4-2-3-1,Simon Hooper,Match Report,,9,5,19.5,0,0,0,2024,Fulham
15,2023-11-27,20:00,Premier League,Matchweek 13,Mon,Home,W,3,2,Wolves,2.9,1.4,60,24366,Tom Cairney,4-2-3-1,Michael Salisbury,Match Report,,10,4,22.9,0,2,2,2024,Fulham
16,2023-12-03,14:00,Premier League,Matchweek 14,Sun,Away,L,3,4,Liverpool,1.2,2.1,39,50124,Tim Ream,4-2-3-1,Stuart Attwell,Match Report,,9,5,13.3,0,0,0,2024,Fulham
17,2023-12-06,19:30,Premier League,Matchweek 15,Wed,Home,W,5,0,Nott'ham Forest,2.5,0.3,63,24105,Tom Cairney,4-2-3-1,Joshua Smith,Match Report,,14,6,17.3,1,0,0,2024,Fulham
18,2023-12-10,14:00,Premier League,Matchweek 16,Sun,Home,W,5,0,West Ham,2.3,1.3,63,23988,Tom Cairney,4-2-3-1,Paul Tierney,Match Report,,14,8,17.7,0,0,0,2024,Fulham
19,2023-12-16,15:00,Premier League,Matchweek 17,Sat,Away,L,0,3,Newcastle Utd,0.3,3.5,30,52055,Tom Cairney,4-2-3-1,Samuel Barrott,Match Report,,6,4,23.1,0,0,0,2024,Fulham
21,2023-12-23,15:00,Premier League,Matchweek 18,Sat,Home,L,0,2,Burnley,1.3,0.4,66,23598,Tom Cairney,4-2-3-1,Rebecca Welch,Match Report,,19,5,16.3,1,0,0,2024,Fulham
22,2023-12-26,15:00,Premier League,Matchweek 19,Tue,Away,L,0,3,Bournemouth,0.3,1.8,57,11099,Tom Cairney,4-2-3-1,Tim Robinson,Match Report,,8,3,21.6,1,0,0,2024,Fulham
23,2023-12-31,14:00,Premier League,Matchweek 20,Sun,Home,W,2,1,Arsenal,1.2,1.6,40,24444,Tom Cairney,4-2-3-1,Joshua Smith,Match Report,,15,4,18.2,1,0,0,2024,Fulham
26,2024-01-13,12:30,Premier League,Matchweek 21,Sat,Away,L,0,1,Chelsea,0.8,2.2,45,39643,Tom Cairney,4-2-3-1,Anthony Taylor,Match Report,,14,4,22,2,0,0,2024,Fulham
29,2024-01-30,19:45,Premier League,Matchweek 22,Tue,Home,D,0,0,Everton,1.6,1.9,70,24376,Tom Cairney,4-2-3-1,Thomas Bramall,Match Report,,25,5,17.3,0,0,0,2024,Fulham
30,2024-02-03,15:00,Premier League,Matchweek 23,Sat,Away,D,2,2,Burnley,1.5,1.8,56,20203,Tim Ream,4-2-3-1,Darren Bond,Match Report,,15,7,13.2,0,0,0,2024,Fulham
31,2024-02-10,15:00,Premier League,Matchweek 24,Sat,Home,W,3,1,Bournemouth,1.6,1.8,49,24271,Tom Cairney,4-2-3-1,Darren England,Match Report,,7,6,11.4,0,0,0,2024,Fulham
32,2024-02-17,15:00,Premier League,Matchweek 25,Sat,Home,L,1,2,Aston Villa,1.5,1.5,52,24401,Tom Cairney,4-2-3-1,Lewis Smith,Match Report,,15,4,14.7,0,0,0,2024,Fulham
33,2024-02-24,15:00,Premier League,Matchweek 26,Sat,Away,W,2,1,Manchester United,1.1,1.7,44,73487,Harrison Reed,4-2-3-1,Michael Oliver,Match Report,,17,5,17,0,0,0,2024,Fulham
0,2023-08-12,15:00,Premier League,Matchweek 1,Sat,Away,W,1,0,Sheffield Utd,1.9,0.5,68,31194,Joel Ward,4-2-3-1,John Brooks,Match Report,,24,8,18.5,1,0,0,2024,Crystal Palace
1,2023-08-21,20:00,Premier League,Matchweek 2,Mon,Home,L,0,1,Arsenal,1,2,47,24189,Joel Ward,4-2-3-1,David Coote,Match Report,,14,2,16.4,1,0,0,2024,Crystal Palace
2,2023-08-26,15:00,Premier League,Matchweek 3,Sat,Away,D,1,1,Brentford,0.8,1,40,16997,Joel Ward,4-2-3-1,Peter Bankes,Match Report,,15,5,16.9,1,0,0,2024,Crystal Palace
4,2023-09-03,14:00,Premier League,Matchweek 4,Sun,Home,W,3,2,Wolves,2.1,1.2,43,24741,Joel Ward,2004-03-03,Robert Jones,Match Report,,16,10,13.8,1,0,0,2024,Crystal Palace
5,2023-09-16,15:00,Premier League,Matchweek 5,Sat,Away,L,1,3,Aston Villa,1.2,3,34,40809,Joel Ward,4-4-1-1,Darren England,Match Report,,6,3,16.1,0,0,0,2024,Crystal Palace
6,2023-09-23,15:00,Premier League,Matchweek 6,Sat,Home,D,0,0,Fulham,0.3,0.6,51,25072,Joel Ward,4-2-3-1,Paul Tierney,Match Report,,7,3,18.9,1,0,0,2024,Crystal Palace
8,2023-09-30,15:00,Premier League,Matchweek 7,Sat,Away,W,1,0,Manchester United,0.9,1.3,23,73428,Joel Ward,2004-03-03,Chris Kavanagh,Match Report,,8,2,13.5,0,0,0,2024,Crystal Palace
9,2023-10-07,17:30,Premier League,Matchweek 8,Sat,Home,D,0,0,Nott'ham Forest,0.8,1,52,25017,Marc Guéhi,2004-03-03,Craig Pawson,Match Report,,8,2,15.2,0,0,0,2024,Crystal Palace
10,2023-10-21,15:00,Premier League,Matchweek 9,Sat,Away,L,0,4,Newcastle Utd,1.2,2.4,41,52189,Joel Ward,2004-03-03,Tim Robinson,Match Report,,17,3,17.8,1,0,0,2024,Crystal Palace
11,2023-10-27,20:00,Premier League,Matchweek 10,Fri,Home,L,1,2,Tottenham,0.6,1.1,25,25074,Joel Ward,4-2-3-1,Andy Madley,Match Report,,13,3,17.2,0,0,0,2024,Crystal Palace
12,2023-11-04,15:00,Premier League,Matchweek 11,Sat,Away,W,2,0,Burnley,1.3,1.1,33,21578,Joel Ward,4-2-3-1,Peter Bankes,Match Report,,4,3,13.9,0,0,0,2024,Crystal Palace
13,2023-11-11,15:00,Premier League,Matchweek 12,Sat,Home,L,2,3,Everton,2.2,1.5,67,25103,Joel Ward,4-2-3-1,Samuel Barrott,Match Report,,12,3,17.9,0,1,1,2024,Crystal Palace
14,2023-11-25,15:00,Premier League,Matchweek 13,Sat,Away,L,1,2,Luton Town,1.6,0.9,61,11029,Joel Ward,4-2-3-1,Jarred Gillett,Match Report,,16,8,16.3,1,0,0,2024,Crystal Palace
15,2023-12-03,14:00,Premier League,Matchweek 14,Sun,Away,D,1,1,West Ham,0.9,1.1,45,62414,Joel Ward,2004-03-03,Michael Oliver,Match Report,,9,2,17.4,1,0,0,2024,Crystal Palace
16,2023-12-06,19:30,Premier League,Matchweek 15,Wed,Home,L,0,2,Bournemouth,1,1.8,59,25078,Joel Ward,4-2-3-1,Craig Pawson,Match Report,,16,3,18.9,1,0,0,2024,Crystal Palace
17,2023-12-09,12:30,Premier League,Matchweek 16,Sat,Home,L,1,2,Liverpool,1.7,1.2,24,25103,Joel Ward,2004-03-03,Andy Madley,Match Report,,7,3,17.4,0,1,1,2024,Crystal Palace
18,2023-12-16,15:00,Premier League,Matchweek 17,Sat,Away,D,2,2,Manchester City,1.8,1.6,26,53248,Joel Ward,2005-04-01,Paul Tierney,Match Report,,4,1,21.1,1,1,1,2024,Crystal Palace
19,2023-12-21,20:00,Premier League,Matchweek 18,Thu,Home,D,1,1,Brighton,1.3,1.2,35,24171,Marc Guéhi,2004-03-03,John Brooks,Match Report,,11,3,13.4,0,0,0,2024,Crystal Palace
20,2023-12-27,19:30,Premier League,Matchweek 19,Wed,Away,L,1,2,Chelsea,1.1,2.6,37,39618,Marc Guéhi,2004-03-03,Michael Salisbury,Match Report,,13,5,19.6,2,0,0,2024,Crystal Palace
21,2023-12-30,15:00,Premier League,Matchweek 20,Sat,Home,W,3,1,Brentford,1,1.4,47,25472,Marc Guéhi,2004-03-03,Robert Jones,Match Report,,13,6,16.2,0,0,0,2024,Crystal Palace
24,2024-01-20,12:30,Premier League,Matchweek 21,Sat,Away,L,0,5,Arsenal,0.3,3.3,40,60284,Marc Guéhi,2003-04-03,Paul Tierney,Match Report,,12,5,24.4,2,0,0,2024,Crystal Palace
25,2024-01-30,20:00,Premier League,Matchweek 22,Tue,Home,W,3,2,Sheffield Utd,1.1,0.8,53,24781,Marc Guéhi,2004-03-03,Tony Harrington,Match Report,,12,4,17.1,0,0,0,2024,Crystal Palace
26,2024-02-03,15:00,Premier League,Matchweek 23,Sat,Away,L,1,4,Brighton,0.3,1.4,32,31345,Marc Guéhi,2004-03-03,Simon Hooper,Match Report,,7,5,20.6,0,0,0,2024,Crystal Palace
27,2024-02-12,20:00,Premier League,Matchweek 24,Mon,Home,L,1,3,Chelsea,0.6,1.4,23,25110,Joachim Andersen,4-1-4-1,Michael Oliver,Match Report,,13,4,18.7,0,0,0,2024,Crystal Palace
28,2024-02-19,20:00,Premier League,Matchweek 25,Mon,Away,D,1,1,Everton,0.7,1.7,39,38164,Joel Ward,2003-04-03,Paul Tierney,Match Report,,10,3,13,0,0,0,2024,Crystal Palace
29,2024-02-24,15:00,Premier League,Matchweek 26,Sat,Home,W,3,0,Burnley,2.4,0.1,56,24042,Joel Ward,2003-04-03,Lewis Smith,Match Report,,14,5,15.3,1,1,1,2024,Crystal Palace
0,2023-08-12,15:00,Premier League,Matchweek 1,Sat,Home,D,1,1,West Ham,1.3,1.1,62,11245,Neto,4-2-3-1,Peter Bankes,Match Report,,14,5,20.7,1,0,0,2024,Bournemouth
1,2023-08-19,15:00,Premier League,Matchweek 2,Sat,Away,L,1,3,Liverpool,1.3,3,36,53145,Neto,4-2-3-1,Thomas Bramall,Match Report,,13,5,19.7,1,0,0,2024,Bournemouth
2,2023-08-26,12:30,Premier League,Matchweek 3,Sat,Home,L,0,2,Tottenham,0.7,2.1,44,10567,Neto,4-2-3-1,Tim Robinson,Match Report,,11,3,17.8,0,0,0,2024,Bournemouth
4,2023-09-02,15:00,Premier League,Matchweek 4,Sat,Away,D,2,2,Brentford,2.1,2.9,40,16973,Neto,4-2-3-1,Robert Madley,Match Report,,12,5,15.1,0,0,0,2024,Bournemouth
5,2023-09-17,14:00,Premier League,Matchweek 5,Sun,Home,D,0,0,Chelsea,1,1.8,36,10421,Neto,4-2-3-1,David Coote,Match Report,,13,4,16.7,1,0,0,2024,Bournemouth
6,2023-09-24,14:00,Premier League,Matchweek 6,Sun,Away,L,1,3,Brighton,1.1,1.9,39,31617,Neto,4-2-3-1,John Brooks,Match Report,,12,3,17.6,1,0,0,2024,Bournemouth
8,2023-09-30,15:00,Premier League,Matchweek 7,Sat,Home,L,0,4,Arsenal,0.6,3.4,43,11193,Neto,4-2-3-1,Michael Salisbury,Match Report,,8,1,14.1,0,0,0,2024,Bournemouth
9,2023-10-07,15:00,Premier League,Matchweek 8,Sat,Away,L,0,3,Everton,0.7,2.4,52,38815,Neto,4-2-3-1,David Coote,Match Report,,11,3,16.2,0,0,0,2024,Bournemouth
10,2023-10-21,15:00,Premier League,Matchweek 9,Sat,Home,L,1,2,Wolves,0.6,2.4,35,11175,Neto,4-2-3-1,Paul Tierney,Match Report,,7,4,17.1,0,0,0,2024,Bournemouth
11,2023-10-28,15:00,Premier League,Matchweek 10,Sat,Home,W,2,1,Burnley,1.1,0.8,45,11152,Lloyd Kelly,4-2-3-1,Samuel Barrott,Match Report,,13,6,19.5,2,0,0,2024,Bournemouth
13,2023-11-04,15:00,Premier League,Matchweek 11,Sat,Away,L,1,6,Manchester City,0.9,1.9,35,53358,Lloyd Kelly,2005-04-01,Craig Pawson,Match Report,,5,1,11.4,0,0,0,2024,Bournemouth
14,2023-11-11,17:30,Premier League,Matchweek 12,Sat,Home,W,2,0,Newcastle Utd,2.4,0.5,48,11201,Neto,4-2-3-1,Chris Kavanagh,Match Report,,19,10,14.9,0,0,0,2024,Bournemouth
15,2023-11-25,15:00,Premier League,Matchweek 13,Sat,Away,W,3,1,Sheffield Utd,2.9,0.8,54,30208,Neto,4-2-3-1,Andy Madley,Match Report,,23,11,15.7,0,0,0,2024,Bournemouth
16,2023-12-03,14:00,Premier League,Matchweek 14,Sun,Home,D,2,2,Aston Villa,2,0.7,38,11191,Neto,4-2-3-1,Thomas Bramall,Match Report,,15,7,13.6,0,0,0,2024,Bournemouth
17,2023-12-06,19:30,Premier League,Matchweek 15,Wed,Away,W,2,0,Crystal Palace,1.8,1,41,25078,Neto,4-2-3-1,Craig Pawson,Match Report,,11,4,11.5,0,0,0,2024,Bournemouth
18,2023-12-09,15:00,Premier League,Matchweek 16,Sat,Away,W,3,0,Manchester United,1.5,1.1,32,73427,Neto,4-2-3-1,Peter Bankes,Match Report,,10,4,12.7,0,0,0,2024,Bournemouth
19,2023-12-23,15:00,Premier League,Matchweek 18,Sat,Away,W,3,2,Nott'ham Forest,1.6,1,66,29188,Neto,4-2-3-1,Robert Jones,Match Report,,18,6,15.9,1,0,0,2024,Bournemouth
20,2023-12-26,15:00,Premier League,Matchweek 19,Tue,Home,W,3,0,Fulham,1.8,0.3,43,11099,Neto,4-2-3-1,Tim Robinson,Match Report,,15,3,18.5,0,1,1,2024,Bournemouth
21,2023-12-31,14:00,Premier League,Matchweek 20,Sun,Away,L,1,3,Tottenham,1.7,2.3,50,61780,Neto,4-2-3-1,Simon Hooper,Match Report,,24,4,17.2,1,0,0,2024,Bournemouth
23,2024-01-21,16:30,Premier League,Matchweek 21,Sun,Home,L,0,4,Liverpool,1.4,1.5,40,11228,Neto,4-2-3-1,Andy Madley,Match Report,,11,1,19.8,0,0,0,2024,Bournemouth
25,2024-02-01,19:30,Premier League,Matchweek 22,Thu,Away,D,1,1,West Ham,1.2,1.4,52,62478,Neto,4-2-3-1,Tim Robinson,Match Report,,9,4,17.2,0,0,0,2024,Bournemouth
26,2024-02-04,14:00,Premier League,Matchweek 23,Sun,Home,D,1,1,Nott'ham Forest,1.3,0.5,45,11200,Neto,4-2-3-1,Rebecca Welch,Match Report,,9,1,16.7,1,0,0,2024,Bournemouth
27,2024-02-10,15:00,Premier League,Matchweek 24,Sat,Away,L,1,3,Fulham,1.8,1.6,51,24271,Neto,4-2-3-1,Darren England,Match Report,,25,4,16.7,1,0,0,2024,Bournemouth
28,2024-02-17,15:00,Premier League,Matchweek 25,Sat,Away,D,2,2,Newcastle Utd,2.2,2.2,38,52224,Neto,4-2-3-1,Michael Salisbury,Match Report,,12,6,20.3,0,0,0,2024,Bournemouth
29,2024-02-24,17:30,Premier League,Matchweek 26,Sat,Home,L,0,1,Manchester City,0.9,1.6,38,11184,Neto,4-2-3-1,Jarred Gillett,Match Report,,13,4,17.1,0,0,0,2024,Bournemouth
0,2023-08-13,14:00,Premier League,Matchweek 1,Sun,Home,D,2,2,Tottenham,2.2,1.3,31,17066,Christian Nørgaard,2005-03-02,Robert Jones,Match Report,,10,5,18,0,1,1,2024,Brentford
1,2023-08-19,15:00,Premier League,Matchweek 2,Sat,Away,W,3,0,Fulham,3.7,0.5,45,24236,Christian Nørgaard,2004-03-03,Darren Bond,Match Report,,16,7,13.8,1,1,1,2024,Brentford
2,2023-08-26,15:00,Premier League,Matchweek 3,Sat,Home,D,1,1,Crystal Palace,1,0.8,60,16997,Christian Nørgaard,2004-03-03,Peter Bankes,Match Report,,12,1,13.7,0,0,0,2024,Brentford
4,2023-09-02,15:00,Premier League,Matchweek 4,Sat,Home,D,2,2,Bournemouth,2.9,2.1,60,16973,Christian Nørgaard,2004-03-03,Robert Madley,Match Report,,21,7,14.7,1,0,0,2024,Brentford
5,2023-09-16,17:30,Premier League,Matchweek 5,Sat,Away,L,0,1,Newcastle Utd,0.5,1.4,44,51670,Christian Nørgaard,2005-03-02,Craig Pawson,Match Report,,11,2,15.7,0,0,0,2024,Brentford
6,2023-09-23,17:30,Premier League,Matchweek 6,Sat,Home,L,1,3,Everton,1,1.9,57,16981,Christian Nørgaard,2004-03-03,Michael Oliver,Match Report,,12,2,13.9,1,0,0,2024,Brentford
8,2023-10-01,14:00,Premier League,Matchweek 7,Sun,Away,D,1,1,Nott'ham Forest,1.6,0.5,59,29004,Christian Nørgaard,2004-03-03,Paul Tierney,Match Report,,18,3,14.1,0,0,0,2024,Brentford
9,2023-10-07,15:00,Premier League,Matchweek 8,Sat,Away,L,1,2,Manchester United,0.9,1.4,36,73453,Christian Nørgaard,2003-05-02,Andy Madley,Match Report,,11,3,17.3,0,0,0,2024,Brentford
10,2023-10-21,15:00,Premier League,Matchweek 9,Sat,Home,W,3,0,Burnley,3.1,1.1,50,17029,Christian Nørgaard,2004-03-03,Joshua Smith,Match Report,,23,9,15.2,1,0,0,2024,Brentford
11,2023-10-28,12:30,Premier League,Matchweek 10,Sat,Away,W,2,0,Chelsea,2.2,1.9,31,39575,Christian Nørgaard,2003-05-02,Simon Hooper,Match Report,,7,5,12.9,0,0,0,2024,Brentford
12,2023-11-04,15:00,Premier League,Matchweek 11,Sat,Home,W,3,2,West Ham,1.5,1.8,58,17103,Christian Nørgaard,2004-03-03,Thomas Bramall,Match Report,,16,4,15.7,1,0,0,2024,Brentford
13,2023-11-12,14:00,Premier League,Matchweek 12,Sun,Away,L,0,3,Liverpool,1.6,1.7,41,50151,Christian Nørgaard,2005-03-02,Paul Tierney,Match Report,,16,3,16.8,2,0,0,2024,Brentford
14,2023-11-25,17:30,Premier League,Matchweek 13,Sat,Home,L,0,1,Arsenal,1.1,1.6,36,17201,Christian Nørgaard,2005-03-02,Tim Robinson,Match Report,,9,1,11.9,0,0,0,2024,Brentford
15,2023-12-02,15:00,Premier League,Matchweek 14,Sat,Home,W,3,1,Luton Town,3.1,0.2,67,17075,Christian Nørgaard,2004-03-03,Anthony Taylor,Match Report,,27,6,15.3,0,0,0,2024,Brentford
16,2023-12-06,19:30,Premier League,Matchweek 15,Wed,Away,L,1,2,Brighton,1.5,1.5,38,31571,Vitaly Janelt,2004-04-02,Peter Bankes,Match Report,,7,0,17.6,0,1,1,2024,Brentford
17,2023-12-09,15:00,Premier League,Matchweek 16,Sat,Away,L,0,1,Sheffield Utd,0.6,0.8,59,28509,Christian Nørgaard,2004-03-03,Stuart Attwell,Match Report,,10,4,16.6,0,0,0,2024,Brentford
18,2023-12-17,14:00,Premier League,Matchweek 17,Sun,Home,L,1,2,Aston Villa,0.5,1.4,33,17034,Christian Nørgaard,2003-05-02,David Coote,Match Report,,4,3,13.3,0,0,0,2024,Brentford
19,2023-12-27,19:30,Premier League,Matchweek 19,Wed,Home,L,1,4,Wolves,2.2,2.4,60,17109,Christian Nørgaard,2004-03-03,Andy Madley,Match Report,,14,4,13.8,0,0,0,2024,Brentford
20,2023-12-30,15:00,Premier League,Matchweek 20,Sat,Away,L,1,3,Crystal Palace,1.4,1,53,25472,Christian Nørgaard,2003-05-02,Robert Jones,Match Report,,9,4,16,0,0,0,2024,Brentford
23,2024-01-20,17:30,Premier League,Matchweek 21,Sat,Home,W,3,2,Nott'ham Forest,1.2,1.2,48,17077,Ivan Toney,2003-05-02,Darren England,Match Report,,11,5,14.8,1,0,0,2024,Brentford
24,2024-01-31,19:30,Premier League,Matchweek 22,Wed,Away,L,2,3,Tottenham,1.6,2.9,32,61210,Christian Nørgaard,2003-05-02,David Coote,Match Report,,9,5,12.9,0,0,0,2024,Brentford
25,2024-02-05,20:00,Premier League,Matchweek 23,Mon,Home,L,1,3,Manchester City,1,2.1,28,17096,Christian Nørgaard,2003-05-02,Jarred Gillett,Match Report,,9,2,15.3,0,0,0,2024,Brentford
26,2024-02-10,15:00,Premier League,Matchweek 24,Sat,Away,W,2,0,Wolves,1.9,1,29,30731,Christian Nørgaard,2003-05-02,Simon Hooper,Match Report,,9,6,14,0,0,0,2024,Brentford
27,2024-02-17,12:30,Premier League,Matchweek 25,Sat,Home,L,1,4,Liverpool,1.6,2.8,38,17193,Christian Nørgaard,2003-05-02,Michael Oliver,Match Report,,15,6,19.8,3,0,0,2024,Brentford
28,2024-02-20,19:30,Premier League,Matchweek 18,Tue,Away,L,0,1,Manchester City,0.4,2.3,30,52247,Christian Nørgaard,2003-05-02,Darren England,Match Report,,6,2,19.4,1,0,0,2024,Brentford
0,2023-08-12,12:30,Premier League,Matchweek 1,Sat,Away,L,1,2,Arsenal,1.2,0.8,22,59984,Joe Worrall,2003-04-03,Michael Oliver,Match Report,,6,2,17.3,0,0,0,2024,Nott'ham Forest
1,2023-08-18,19:45,Premier League,Matchweek 2,Fri,Home,W,2,1,Sheffield Utd,1.4,0.5,50,29432,Joe Worrall,2003-04-03,Peter Bankes,Match Report,,16,4,15.6,0,0,0,2024,Nott'ham Forest
2,2023-08-26,15:00,Premier League,Matchweek 3,Sat,Away,L,2,3,Manchester United,1.2,2.8,34,73595,Joe Worrall,2003-04-03,Stuart Attwell,Match Report,,9,4,14.7,0,0,0,2024,Nott'ham Forest
4,2023-09-02,15:00,Premier League,Matchweek 4,Sat,Away,W,1,0,Chelsea,0.8,2.3,25,39820,Joe Worrall,2003-04-03,Tim Robinson,Match Report,,7,3,19,0,0,0,2024,Nott'ham Forest
5,2023-09-18,19:45,Premier League,Matchweek 5,Mon,Home,D,1,1,Burnley,0.7,0.5,46,28958,Joe Worrall,4-2-3-1,Robert Jones,Match Report,,14,4,18.8,0,0,0,2024,Nott'ham Forest
6,2023-09-23,15:00,Premier League,Matchweek 6,Sat,Away,L,0,2,Manchester City,1,1.3,43,53413,Serge Aurier,2005-04-01,Anthony Taylor,Match Report,,10,3,17.8,1,0,0,2024,Nott'ham Forest
7,2023-10-01,14:00,Premier League,Matchweek 7,Sun,Home,D,1,1,Brentford,0.5,1.6,41,29004,Serge Aurier,2004-03-03,Paul Tierney,Match Report,,6,1,15.4,0,0,0,2024,Nott'ham Forest
8,2023-10-07,17:30,Premier League,Matchweek 8,Sat,Away,D,0,0,Crystal Palace,1,0.8,48,25017,Serge Aurier,2004-03-03,Craig Pawson,Match Report,,16,5,18.4,0,0,0,2024,Nott'ham Forest
9,2023-10-21,15:00,Premier League,Matchweek 9,Sat,Home,D,2,2,Luton Town,2.9,1.7,57,29361,Serge Aurier,2004-03-03,Samuel Barrott,Match Report,,19,8,11.1,0,0,0,2024,Nott'ham Forest
10,2023-10-29,14:00,Premier League,Matchweek 10,Sun,Away,L,0,3,Liverpool,0.4,3.2,28,50143,Serge Aurier,2005-04-01,Chris Kavanagh,Match Report,,9,1,15.6,0,0,0,2024,Nott'ham Forest
11,2023-11-05,14:00,Premier League,Matchweek 11,Sun,Home,W,2,0,Aston Villa,0.4,1.2,27,29313,Morgan Gibbs-White,2004-03-03,Jarred Gillett,Match Report,,5,3,21.1,0,0,0,2024,Nott'ham Forest
12,2023-11-12,14:00,Premier League,Matchweek 12,Sun,Away,L,2,3,West Ham,1.7,1.8,46,62470,Morgan Gibbs-White,2004-03-03,Michael Salisbury,Match Report,,10,5,15.6,0,0,0,2024,Nott'ham Forest
13,2023-11-25,15:00,Premier League,Matchweek 13,Sat,Home,L,2,3,Brighton,1.9,1.3,47,29404,Morgan Gibbs-White,4-1-4-1,Anthony Taylor,Match Report,,17,4,14.7,0,1,1,2024,Nott'ham Forest
14,2023-12-02,17:30,Premier League,Matchweek 14,Sat,Home,L,0,1,Everton,0.7,0.7,61,29404,Ryan Yates,2004-03-03,Paul Tierney,Match Report,,13,2,16.1,0,0,0,2024,Nott'ham Forest
15,2023-12-06,19:30,Premier League,Matchweek 15,Wed,Away,L,0,5,Fulham,0.3,2.5,37,24105,Felipe,4-2-3-1,Joshua Smith,Match Report,,4,1,15.3,0,0,0,2024,Nott'ham Forest
16,2023-12-09,15:00,Premier League,Matchweek 16,Sat,Away,D,1,1,Wolves,1.3,1.2,32,31543,Ryan Yates,2003-05-02,Samuel Barrott,Match Report,,8,2,12.7,0,0,0,2024,Nott'ham Forest
17,2023-12-15,20:00,Premier League,Matchweek 17,Fri,Home,L,0,2,Tottenham,1.3,1.5,34,29296,Ryan Yates,2003-05-02,Jarred Gillett,Match Report,,15,1,16.1,0,0,0,2024,Nott'ham Forest
18,2023-12-23,15:00,Premier League,Matchweek 18,Sat,Home,L,2,3,Bournemouth,1,1.6,34,29188,Ryan Yates,4-2-3-1,Robert Jones,Match Report,,11,4,14.5,0,0,0,2024,Nott'ham Forest
19,2023-12-26,12:30,Premier League,Matchweek 19,Tue,Away,W,3,1,Newcastle Utd,3.5,2.4,38,52207,Morgan Gibbs-White,4-2-3-1,Chris Kavanagh,Match Report,,15,6,15.8,0,0,0,2024,Nott'ham Forest
20,2023-12-30,17:30,Premier League,Matchweek 20,Sat,Home,W,2,1,Manchester United,0.7,0.8,44,29529,Ryan Yates,4-2-3-1,Tim Robinson,Match Report,,8,2,18.3,0,0,0,2024,Nott'ham Forest
23,2024-01-20,17:30,Premier League,Matchweek 21,Sat,Away,L,2,3,Brentford,1.2,1.2,52,17077,Ryan Yates,4-2-3-1,Darren England,Match Report,,12,3,20.5,0,0,0,2024,Nott'ham Forest
25,2024-01-30,19:30,Premier League,Matchweek 22,Tue,Home,L,1,2,Arsenal,0.5,1.2,27,29387,Morgan Gibbs-White,4-2-3-1,Simon Hooper,Match Report,,9,3,18.7,0,0,0,2024,Nott'ham Forest
26,2024-02-04,14:00,Premier League,Matchweek 23,Sun,Away,D,1,1,Bournemouth,0.5,1.3,55,11200,Ryan Yates,4-2-3-1,Rebecca Welch,Match Report,,8,6,19.9,0,0,0,2024,Nott'ham Forest
28,2024-02-10,17:30,Premier League,Matchweek 24,Sat,Home,L,2,3,Newcastle Utd,1.5,0.5,39,29451,Ryan Yates,4-2-3-1,Anthony Taylor,Match Report,,13,3,21.8,0,0,0,2024,Nott'ham Forest
29,2024-02-17,15:00,Premier League,Matchweek 25,Sat,Home,W,2,0,West Ham,2.8,0.5,49,29490,Morgan Gibbs-White,4-2-3-1,Thomas Bramall,Match Report,,19,8,16.5,0,0,0,2024,Nott'ham Forest
30,2024-02-24,15:00,Premier League,Matchweek 26,Sat,Away,L,2,4,Aston Villa,2.6,3.6,42,,Morgan Gibbs-White,4-2-3-1,Samuel Barrott,Match Report,,10,3,16.4,0,0,0,2024,Nott'ham Forest
0,2023-08-12,15:00,Premier League,Matchweek 1,Sat,Home,L,0,1,Fulham,2.7,1.5,42,39940,James Tarkowski,4-4-1-1,Stuart Attwell,Match Report,,19,9,15.8,0,0,0,2024,Everton
1,2023-08-20,14:00,Premier League,Matchweek 2,Sun,Away,L,0,4,Aston Villa,0.6,2.9,40,41694,James Tarkowski,4-1-4-1,Anthony Taylor,Match Report,,9,2,14.7,0,0,0,2024,Everton
2,2023-08-26,15:00,Premier League,Matchweek 3,Sat,Home,L,0,1,Wolves,1.3,1.1,47,38851,James Tarkowski,4-1-4-1,Craig Pawson,Match Report,,15,7,13.8,0,0,0,2024,Everton
4,2023-09-02,12:30,Premier League,Matchweek 4,Sat,Away,D,2,2,Sheffield Utd,2.5,1.2,54,31124,James Tarkowski,4-4-1-1,Andy Madley,Match Report,,16,6,14.8,2,0,0,2024,Everton
5,2023-09-17,16:30,Premier League,Matchweek 5,Sun,Home,L,0,1,Arsenal,0.3,1,26,39217,James Tarkowski,2004-05-01,Simon Hooper,Match Report,,8,1,21.6,0,0,0,2024,Everton
6,2023-09-23,17:30,Premier League,Matchweek 6,Sat,Away,W,3,1,Brentford,1.9,1,43,16981,James Tarkowski,4-4-1-1,Michael Oliver,Match Report,,18,6,17.8,0,0,0,2024,Everton
8,2023-09-30,15:00,Premier League,Matchweek 7,Sat,Home,L,1,2,Luton Town,2.9,0.9,67,39289,James Tarkowski,4-4-1-1,Anthony Taylor,Match Report,,23,4,14.4,0,0,0,2024,Everton
9,2023-10-07,15:00,Premier League,Matchweek 8,Sat,Home,W,3,0,Bournemouth,2.4,0.7,48,38815,James Tarkowski,4-4-1-1,David Coote,Match Report,,25,8,15.8,0,0,0,2024,Everton
10,2023-10-21,12:30,Premier League,Matchweek 9,Sat,Away,L,0,2,Liverpool,0.1,2.2,23,50201,James Tarkowski,4-4-1-1,Craig Pawson,Match Report,,6,1,35.2,0,0,0,2024,Everton
11,2023-10-29,13:00,Premier League,Matchweek 10,Sun,Away,W,1,0,West Ham,0.8,0.7,36,62469,James Tarkowski,4-4-1-1,Stuart Attwell,Match Report,,10,4,17.4,0,0,0,2024,Everton
13,2023-11-04,15:00,Premier League,Matchweek 11,Sat,Home,D,1,1,Brighton,0.7,0.5,21,38683,James Tarkowski,4-4-1-1,Tim Robinson,Match Report,,10,4,14.4,1,0,0,2024,Everton
14,2023-11-11,15:00,Premier League,Matchweek 12,Sat,Away,W,3,2,Crystal Palace,1.5,2.2,33,25103,James Tarkowski,4-4-1-1,Samuel Barrott,Match Report,,8,4,14.5,0,0,0,2024,Everton
15,2023-11-26,16:30,Premier League,Matchweek 13,Sun,Home,L,0,3,Manchester United,2.4,2.2,51,39257,James Tarkowski,4-4-1-1,John Brooks,Match Report,,24,6,16.9,0,0,0,2024,Everton
16,2023-12-02,17:30,Premier League,Matchweek 14,Sat,Away,W,1,0,Nott'ham Forest,0.7,0.7,39,29404,James Tarkowski,4-4-1-1,Paul Tierney,Match Report,,12,2,20.8,1,0,0,2024,Everton
17,2023-12-07,19:30,Premier League,Matchweek 15,Thu,Home,W,3,0,Newcastle Utd,3.3,1.5,38,38198,Séamus Coleman,4-4-1-1,Tim Robinson,Match Report,,21,6,13.3,0,0,0,2024,Everton
18,2023-12-10,14:00,Premier League,Matchweek 16,Sun,Home,W,2,0,Chelsea,1.2,0.9,29,39280,James Tarkowski,4-4-1-1,Michael Oliver,Match Report,,9,5,16.4,0,0,0,2024,Everton
19,2023-12-16,17:30,Premier League,Matchweek 17,Sat,Away,W,2,0,Burnley,1.4,0.7,39,21413,James Tarkowski,2005-04-01,Anthony Taylor,Match Report,,9,6,11.8,1,0,0,2024,Everton
21,2023-12-23,15:00,Premier League,Matchweek 18,Sat,Away,L,1,2,Tottenham,1.8,1.5,39,61808,James Tarkowski,4-2-3-1,Stuart Attwell,Match Report,,18,8,15.8,0,0,0,2024,Everton
22,2023-12-27,20:15,Premier League,Matchweek 19,Wed,Home,L,1,3,Manchester City,1,2.4,28,39327,James Tarkowski,4-2-3-1,John Brooks,Match Report,,7,2,12.5,0,0,0,2024,Everton
23,2023-12-30,15:00,Premier League,Matchweek 20,Sat,Away,L,0,3,Wolves,0.4,1.9,47,31639,James Tarkowski,2005-04-01,Thomas Bramall,Match Report,,10,0,20.7,0,0,0,2024,Everton
25,2024-01-14,14:00,Premier League,Matchweek 21,Sun,Home,D,0,0,Aston Villa,1.1,1.2,32,39284,Séamus Coleman,4-2-3-1,David Coote,Match Report,,10,2,17.2,1,0,0,2024,Everton
28,2024-01-30,19:45,Premier League,Matchweek 22,Tue,Away,D,0,0,Fulham,1.9,1.6,30,24376,James Tarkowski,4-4-1-1,Thomas Bramall,Match Report,,21,2,14.4,2,0,0,2024,Everton
29,2024-02-03,12:30,Premier League,Matchweek 23,Sat,Home,D,2,2,Tottenham,2.6,1,43,39321,James Tarkowski,4-4-1-1,Michael Oliver,Match Report,,14,4,14.3,0,0,0,2024,Everton
30,2024-02-10,12:30,Premier League,Matchweek 24,Sat,Away,L,0,2,Manchester City,0.3,1.6,28,52187,James Tarkowski,4-2-3-1,John Brooks,Match Report,,5,1,22.9,0,0,0,2024,Everton
31,2024-02-19,20:00,Premier League,Matchweek 25,Mon,Home,D,1,1,Crystal Palace,1.7,0.7,61,38164,James Tarkowski,4-4-1-1,Paul Tierney,Match Report,,19,4,16.4,1,0,0,2024,Everton
32,2024-02-24,15:00,Premier League,Matchweek 26,Sat,Away,D,1,1,Brighton,0.3,1.3,36,41646,James Tarkowski,4-4-1-1,Tony Harrington,Match Report,,6,2,16,0,0,0,2024,Everton
0,2023-08-12,15:00,Premier League,Matchweek 1,Sat,Away,L,1,4,Brighton,1.5,4,30,31872,Tom Lockyer,2003-05-02,David Coote,Match Report,,8,2,16.6,0,1,1,2024,Luton Town
1,2023-08-25,20:00,Premier League,Matchweek 3,Fri,Away,L,0,3,Chelsea,0.4,2.2,33,39893,Tom Lockyer,2005-03-02,Robert Jones,Match Report,,11,1,19,1,0,0,2024,Luton Town
3,2023-09-01,20:00,Premier League,Matchweek 4,Fri,Home,L,1,2,West Ham,1.4,1,39,10802,Carlton Morris,2005-03-02,Paul Tierney,Match Report,,16,1,11.9,0,0,0,2024,Luton Town
4,2023-09-16,15:00,Premier League,Matchweek 5,Sat,Away,L,0,1,Fulham,1.1,1,23,24467,Tom Lockyer,2005-03-02,Michael Salisbury,Match Report,,7,2,10,0,0,0,2024,Luton Town
5,2023-09-23,15:00,Premier League,Matchweek 6,Sat,Home,D,1,1,Wolves,2.1,0.6,57,10893,Tom Lockyer,2003-04-03,Joshua Smith,Match Report,,19,3,17.3,0,1,1,2024,Luton Town
7,2023-09-30,15:00,Premier League,Matchweek 7,Sat,Away,W,2,1,Everton,0.9,2.9,33,39289,Tom Lockyer,2003-04-03,Anthony Taylor,Match Report,,9,2,13.4,0,0,0,2024,Luton Town
8,2023-10-03,19:30,Premier League,Matchweek 2,Tue,Home,L,1,2,Burnley,1.3,1.1,49,10918,Tom Lockyer,2003-04-03,Peter Bankes,Match Report,,18,2,13.1,0,0,0,2024,Luton Town
9,2023-10-07,12:30,Premier League,Matchweek 8,Sat,Home,L,0,1,Tottenham,0.8,1.9,34,10290,Tom Lockyer,2004-04-02,John Brooks,Match Report,,12,2,16.3,0,0,0,2024,Luton Town
10,2023-10-21,15:00,Premier League,Matchweek 9,Sat,Away,D,2,2,Nott'ham Forest,1.7,2.9,43,29361,Tom Lockyer,2004-04-02,Samuel Barrott,Match Report,,13,4,17.6,0,0,0,2024,Luton Town
11,2023-10-29,14:00,Premier League,Matchweek 10,Sun,Away,L,1,3,Aston Villa,0.5,2.3,30,41785,Tom Lockyer,2003-04-03,John Brooks,Match Report,,7,1,17.3,0,0,0,2024,Luton Town
12,2023-11-05,16:30,Premier League,Matchweek 11,Sun,Home,D,1,1,Liverpool,0.8,2.6,27,11049,Tom Lockyer,2003-04-03,Andy Madley,Match Report,,8,5,17.9,0,0,0,2024,Luton Town
13,2023-11-11,15:00,Premier League,Matchweek 12,Sat,Away,L,0,1,Manchester United,0.4,2.2,36,73599,Tom Lockyer,2003-04-03,Graham Scott,Match Report,,10,4,21.9,1,0,0,2024,Luton Town
14,2023-11-25,15:00,Premier League,Matchweek 13,Sat,Home,W,2,1,Crystal Palace,0.9,1.6,39,11029,Tom Lockyer,2003-04-03,Jarred Gillett,Match Report,,8,3,14.2,0,0,0,2024,Luton Town
15,2023-12-02,15:00,Premier League,Matchweek 14,Sat,Away,L,1,3,Brentford,0.2,3.1,33,17075,Tom Lockyer,2003-04-03,Anthony Taylor,Match Report,,7,1,23.8,0,0,0,2024,Luton Town
16,2023-12-05,20:15,Premier League,Matchweek 15,Tue,Home,L,3,4,Arsenal,0.5,2.2,34,11031,Pelly Ruddock Mpanzu,2003-04-03,Samuel Barrott,Match Report,,6,4,18.8,0,0,0,2024,Luton Town
17,2023-12-10,14:00,Premier League,Matchweek 16,Sun,Home,L,1,2,Manchester City,0.3,1.6,35,11047,Tom Lockyer,2003-04-03,Tim Robinson,Match Report,,4,2,19.2,0,0,0,2024,Luton Town
18,2023-12-23,15:00,Premier League,Matchweek 18,Sat,Home,W,1,0,Newcastle Utd,1.4,1.4,35,11042,Amari'i Bell,2003-04-03,Darren England,Match Report,,16,5,19.4,0,0,0,2024,Luton Town
19,2023-12-26,15:00,Premier League,Matchweek 19,Tue,Away,W,3,2,Sheffield Utd,0.6,2.4,49,31041,Amari'i Bell,2003-04-03,Samuel Allison,Match Report,,12,4,17.9,1,0,0,2024,Luton Town
20,2023-12-30,12:30,Premier League,Matchweek 20,Sat,Home,L,2,3,Chelsea,2.3,1.5,52,11041,Amari'i Bell,2003-04-03,Paul Tierney,Match Report,,15,6,11.6,1,0,0,2024,Luton Town
22,2024-01-12,19:45,Premier League,Matchweek 21,Fri,Away,D,1,1,Burnley,0.9,1.1,61,20155,Amari'i Bell,2003-04-03,Tony Harrington,Match Report,,14,5,18.2,0,0,0,2024,Luton Town
25,2024-01-30,19:45,Premier League,Matchweek 22,Tue,Home,W,4,0,Brighton,3.1,0.9,41,10994,Carlton Morris,2003-04-03,Robert Jones,Match Report,,18,8,13.8,1,0,0,2024,Luton Town
26,2024-02-03,15:00,Premier League,Matchweek 23,Sat,Away,D,4,4,Newcastle Utd,2.4,2.3,45,52211,Carlton Morris,2003-04-03,Thomas Bramall,Match Report,,10,7,14,0,1,1,2024,Luton Town
27,2024-02-10,15:00,Premier League,Matchweek 24,Sat,Home,L,1,3,Sheffield Utd,1.8,1.7,74,11138,Carlton Morris,2003-04-03,Chris Kavanagh,Match Report,,19,4,17.3,0,1,1,2024,Luton Town
28,2024-02-18,16:30,Premier League,Matchweek 25,Sun,Home,L,1,2,Manchester United,1.8,2.9,58,11483,Carlton Morris,2003-04-03,David Coote,Match Report,,22,4,18.6,1,0,0,2024,Luton Town
29,2024-02-21,19:30,Premier League,Matchweek 26,Wed,Away,L,1,4,Liverpool,0.9,3.3,40,59713,Carlton Morris,2003-04-03,Andy Madley,Match Report,,12,3,19,1,0,0,2024,Luton Town
0,2023-08-11,20:00,Premier League,Matchweek 1,Fri,Home,L,0,3,Manchester City,0.3,1.9,35,21572,Josh Cullen,2005-04-01,Craig Pawson,Match Report,,6,1,14.9,0,0,0,2024,Burnley
1,2023-08-27,14:00,Premier League,Matchweek 3,Sun,Home,L,1,3,Aston Villa,0.7,2.5,57,21591,Josh Cullen,2004-04-02,Michael Salisbury,Match Report,,9,2,17.7,0,0,0,2024,Burnley
3,2023-09-02,15:00,Premier League,Matchweek 4,Sat,Home,L,2,5,Tottenham,1.3,2.2,47,21750,Josh Cullen,2004-04-02,Darren England,Match Report,,16,4,17.9,1,0,0,2024,Burnley
4,2023-09-18,19:45,Premier League,Matchweek 5,Mon,Away,D,1,1,Nott'ham Forest,0.5,0.7,54,28958,Josh Brownhill,4-2-3-1,Robert Jones,Match Report,,10,3,18.9,0,0,0,2024,Burnley
5,2023-09-23,20:00,Premier League,Matchweek 6,Sat,Home,L,0,1,Manchester United,1.1,1,61,21593,Josh Brownhill,2004-03-03,Tony Harrington,Match Report,,12,4,15.6,0,0,0,2024,Burnley
7,2023-09-30,15:00,Premier League,Matchweek 7,Sat,Away,L,0,2,Newcastle Utd,0.6,3.1,47,51687,Josh Brownhill,4-2-3-1,Thomas Bramall,Match Report,,8,2,16.3,0,0,0,2024,Burnley
8,2023-10-03,19:30,Premier League,Matchweek 2,Tue,Away,W,2,1,Luton Town,1.1,1.3,51,10918,Josh Brownhill,2004-03-03,Peter Bankes,Match Report,,14,4,20.2,0,0,0,2024,Burnley
9,2023-10-07,15:00,Premier League,Matchweek 8,Sat,Home,L,1,4,Chelsea,0.7,1.9,38,21654,Josh Brownhill,2004-03-03,Stuart Attwell,Match Report,,10,3,18.2,1,0,0,2024,Burnley
10,2023-10-21,15:00,Premier League,Matchweek 9,Sat,Away,L,0,3,Brentford,1.1,3.1,50,17029,Josh Cullen,4-2-3-1,Joshua Smith,Match Report,,6,1,20.2,0,0,0,2024,Burnley
11,2023-10-28,15:00,Premier League,Matchweek 10,Sat,Away,L,1,2,Bournemouth,0.8,1.1,55,11152,Josh Brownhill,2004-03-03,Samuel Barrott,Match Report,,6,3,18,0,0,0,2024,Burnley
13,2023-11-04,15:00,Premier League,Matchweek 11,Sat,Home,L,0,2,Crystal Palace,1.1,1.3,67,21578,Josh Brownhill,2004-04-02,Peter Bankes,Match Report,,17,5,13.3,0,0,0,2024,Burnley
14,2023-11-11,15:00,Premier League,Matchweek 12,Sat,Away,L,1,3,Arsenal,0.3,1.8,37,60232,Josh Brownhill,2004-04-02,Michael Oliver,Match Report,,8,5,19.3,0,0,0,2024,Burnley
15,2023-11-25,15:00,Premier League,Matchweek 13,Sat,Home,L,1,2,West Ham,1.3,0.9,50,21319,Josh Brownhill,2004-04-02,Samuel Barrott,Match Report,,10,4,17.2,0,1,1,2024,Burnley
16,2023-12-02,15:00,Premier League,Matchweek 14,Sat,Home,W,5,0,Sheffield Utd,1.8,0.4,63,21478,Josh Brownhill,2004-04-02,Chris Kavanagh,Match Report,,19,7,15.9,0,0,0,2024,Burnley
17,2023-12-05,19:30,Premier League,Matchweek 15,Tue,Away,L,0,1,Wolves,0.9,0.8,49,30439,Josh Brownhill,2004-04-02,Jarred Gillett,Match Report,,12,3,21.9,2,0,0,2024,Burnley
18,2023-12-09,15:00,Premier League,Matchweek 16,Sat,Away,D,1,1,Brighton,0.6,2.6,28,31511,Josh Brownhill,2004-04-02,Simon Hooper,Match Report,,6,3,12.9,0,0,0,2024,Burnley
19,2023-12-16,17:30,Premier League,Matchweek 17,Sat,Home,L,0,2,Everton,0.7,1.4,61,21413,Josh Brownhill,2004-04-02,Anthony Taylor,Match Report,,14,2,18.8,1,0,0,2024,Burnley
20,2023-12-23,15:00,Premier League,Matchweek 18,Sat,Away,W,2,0,Fulham,0.4,1.3,34,23598,Josh Brownhill,2004-04-02,Rebecca Welch,Match Report,,7,2,19.5,0,0,0,2024,Burnley
21,2023-12-26,17:30,Premier League,Matchweek 19,Tue,Home,L,0,2,Liverpool,0.8,1.8,32,21624,Josh Brownhill,2004-04-02,Paul Tierney,Match Report,,9,0,16.7,0,0,0,2024,Burnley
22,2023-12-30,15:00,Premier League,Matchweek 20,Sat,Away,L,2,3,Aston Villa,1.2,3.2,36,41613,Josh Brownhill,2004-04-02,Stuart Attwell,Match Report,,9,5,15.4,0,0,0,2024,Burnley
24,2024-01-12,19:45,Premier League,Matchweek 21,Fri,Home,D,1,1,Luton Town,1.1,0.9,39,20155,Josh Brownhill,2004-04-02,Tony Harrington,Match Report,,13,7,18.8,1,0,0,2024,Burnley
25,2024-01-31,19:30,Premier League,Matchweek 22,Wed,Away,L,1,3,Manchester City,1.4,1.7,26,52143,Josh Brownhill,2004-04-02,Samuel Barrott,Match Report,,8,3,14.7,0,0,0,2024,Burnley
26,2024-02-03,15:00,Premier League,Matchweek 23,Sat,Home,D,2,2,Fulham,1.8,1.5,44,20203,Josh Brownhill,2004-04-02,Darren Bond,Match Report,,12,4,15.4,0,0,0,2024,Burnley
27,2024-02-10,15:00,Premier League,Matchweek 24,Sat,Away,L,1,3,Liverpool,1.3,2.8,30,59896,Josh Brownhill,2004-04-02,Tim Robinson,Match Report,,9,4,17.6,0,0,0,2024,Burnley
28,2024-02-17,15:00,Premier League,Matchweek 25,Sat,Home,L,0,5,Arsenal,0.3,2.3,36,21311,Josh Brownhill,2004-04-02,Jarred Gillett,Match Report,,8,0,18.6,0,0,0,2024,Burnley
29,2024-02-24,15:00,Premier League,Matchweek 26,Sat,Away,L,0,3,Crystal Palace,0.1,2.4,44,24042,Josh Brownhill,2004-04-02,Lewis Smith,Match Report,,2,0,12,0,0,0,2024,Burnley
0,2023-08-12,15:00,Premier League,Matchweek 1,Sat,Home,L,0,1,Crystal Palace,0.5,1.9,32,31194,John Egan,2003-04-03,John Brooks,Match Report,,8,1,19.4,0,0,0,2024,Sheffield United
1,2023-08-18,19:45,Premier League,Matchweek 2,Fri,Away,L,1,2,Nott'ham Forest,0.5,1.4,50,29432,John Egan,2003-04-03,Peter Bankes,Match Report,,7,3,18.8,0,0,0,2024,Sheffield United
2,2023-08-27,14:00,Premier League,Matchweek 3,Sun,Home,L,1,2,Manchester City,0.7,3.5,21,31336,John Egan,2003-05-02,Jarred Gillett,Match Report,,6,1,16.1,0,0,0,2024,Sheffield United
4,2023-09-02,12:30,Premier League,Matchweek 4,Sat,Home,D,2,2,Everton,1.2,2.5,46,31124,John Egan,2003-05-02,Andy Madley,Match Report,,13,7,14.1,0,0,0,2024,Sheffield United
5,2023-09-16,15:00,Premier League,Matchweek 5,Sat,Away,L,1,2,Tottenham,0.7,2.1,30,61706,Chris Basham,2003-05-02,Peter Bankes,Match Report,,7,5,17.6,0,0,0,2024,Sheffield United
6,2023-09-24,16:30,Premier League,Matchweek 6,Sun,Home,L,0,8,Newcastle Utd,0.9,3.9,42,31127,John Egan,2003-04-03,Stuart Attwell,Match Report,,9,1,13.7,0,0,0,2024,Sheffield United
7,2023-09-30,15:00,Premier League,Matchweek 7,Sat,Away,L,0,2,West Ham,1.1,2.1,48,62459,John Egan,2003-05-02,Graham Scott,Match Report,,16,2,15.7,0,0,0,2024,Sheffield United
8,2023-10-07,15:00,Premier League,Matchweek 8,Sat,Away,L,1,3,Fulham,0.6,2.2,40,24361,Chris Basham,2003-05-02,Samuel Barrott,Match Report,,5,2,16.6,0,0,0,2024,Sheffield United
9,2023-10-21,20:00,Premier League,Matchweek 9,Sat,Home,L,1,2,Manchester United,1.4,1.1,38,31543,Oliver Norwood,2004-04-02,Michael Oliver,Match Report,,11,5,25.8,0,1,1,2024,Sheffield United
10,2023-10-28,15:00,Premier League,Matchweek 10,Sat,Away,L,0,5,Arsenal,0,2.8,33,60153,Oliver Norwood,2004-04-02,Tim Robinson,Match Report,,2,0,39.9,0,0,0,2024,Sheffield United
11,2023-11-04,15:00,Premier League,Matchweek 11,Sat,Home,W,2,1,Wolves,1,1.2,39,29454,Oliver Norwood,3-4-1-2,Robert Jones,Match Report,,10,1,27.6,1,1,1,2024,Sheffield United
12,2023-11-12,14:00,Premier League,Matchweek 12,Sun,Away,D,1,1,Brighton,1.1,1.5,39,31367,Oliver Norwood,2003-04-03,John Brooks,Match Report,,9,1,19.3,0,0,0,2024,Sheffield United
13,2023-11-25,15:00,Premier League,Matchweek 13,Sat,Home,L,1,3,Bournemouth,0.8,2.9,46,30208,Oliver Norwood,2003-04-03,Andy Madley,Match Report,,10,2,14.9,0,0,0,2024,Sheffield United
14,2023-12-02,15:00,Premier League,Matchweek 14,Sat,Away,L,0,5,Burnley,0.4,1.8,37,21478,Oliver Norwood,2003-04-03,Chris Kavanagh,Match Report,,6,3,18.9,0,0,0,2024,Sheffield United
15,2023-12-06,19:30,Premier League,Matchweek 15,Wed,Home,L,0,2,Liverpool,1,1.7,25,31406,Anel Ahmedhodžić,2003-04-03,Simon Hooper,Match Report,,6,1,14.6,1,0,0,2024,Sheffield United
16,2023-12-09,15:00,Premier League,Matchweek 16,Sat,Home,W,1,0,Brentford,0.8,0.6,41,28509,Anel Ahmedhodžić,4-1-4-1,Stuart Attwell,Match Report,,9,4,21.7,0,0,0,2024,Sheffield United
17,2023-12-16,15:00,Premier League,Matchweek 17,Sat,Away,L,0,2,Chelsea,0.4,3.1,22,39599,Anel Ahmedhodžić,4-1-4-1,Andy Madley,Match Report,,6,1,19.7,1,0,0,2024,Sheffield United
18,2023-12-22,20:00,Premier League,Matchweek 18,Fri,Away,D,1,1,Aston Villa,0.6,0.9,23,41651,Jack Robinson,2003-04-03,Anthony Taylor,Match Report,,5,2,19.7,0,0,0,2024,Sheffield United
19,2023-12-26,15:00,Premier League,Matchweek 19,Tue,Home,L,2,3,Luton Town,2.4,0.6,51,31041,Anel Ahmedhodžić,2004-04-02,Samuel Allison,Match Report,,21,4,16.3,1,0,0,2024,Sheffield United
20,2023-12-30,15:00,Premier League,Matchweek 20,Sat,Away,L,0,2,Manchester City,0.3,2.2,20,53108,Jack Robinson,2003-04-03,David Coote,Match Report,,4,2,14.9,0,0,0,2024,Sheffield United
22,2024-01-21,14:00,Premier League,Matchweek 21,Sun,Home,D,2,2,West Ham,2.5,2.3,57,29164,Anel Ahmedhodžić,4-1-4-1,Michael Salisbury,Match Report,,20,5,18.5,1,1,1,2024,Sheffield United
24,2024-01-30,20:00,Premier League,Matchweek 22,Tue,Away,L,2,3,Crystal Palace,0.8,1.1,47,24781,Anel Ahmedhodžić,4-1-4-1,Tony Harrington,Match Report,,9,5,16.5,0,0,0,2024,Sheffield United
25,2024-02-03,17:30,Premier League,Matchweek 23,Sat,Home,L,0,5,Aston Villa,1.4,2.2,37,30187,Anel Ahmedhodžić,2005-04-01,Paul Tierney,Match Report,,10,4,10,0,0,0,2024,Sheffield United
26,2024-02-10,15:00,Premier League,Matchweek 24,Sat,Away,W,3,1,Luton Town,1.7,1.8,26,11138,Anel Ahmedhodžić,2005-04-01,Chris Kavanagh,Match Report,,6,2,22.4,0,1,1,2024,Sheffield United
27,2024-02-18,14:00,Premier League,Matchweek 25,Sun,Home,L,0,5,Brighton,0.6,2.9,21,29522,Anel Ahmedhodžić,3-5-1-1,Stuart Attwell,Match Report,,6,1,18.7,0,0,0,2024,Sheffield United
28,2024-02-25,13:30,Premier League,Matchweek 26,Sun,Away,L,0,1,Wolves,0.6,1.2,37,30789,Anel Ahmedhodžić,2003-05-02,Darren Bond,Match Report,,12,4,16.4,0,0,0,2024,Sheffield United
